timestamp,rotationRoll,rotationPitch,direction
2025-02-17 01:26:07.717541,-3.0,17.0,174.0
2025-02-17 01:26:07.724601,-3.0,16.0,173.0
2025-02-17 01:26:07.728707,-3.0,16.0,174.0
2025-02-17 01:26:07.734044,-4.0,17.0,174.0
2025-02-17 01:26:07.738659,-4.0,17.0,175.0
2025-02-17 01:26:07.754159,-3.0,16.0,174.0
2025-02-17 01:26:08.756796,-3.0,17.0,175.0
2025-02-17 01:26:08.760784,-3.0,17.0,174.0
2025-02-17 01:26:08.773784,-3.0,16.0,175.0
2025-02-17 01:26:08.775786,-4.0,16.0,175.0
2025-02-17 01:26:08.778529,-3.0,17.0,174.0
2025-02-17 01:26:08.789535,-3.0,17.0,174.0
2025-02-17 01:26:09.801787,-3.0,16.0,175.0
2025-02-17 01:26:09.803788,-1.0,15.0,175.0
2025-02-17 01:26:09.807790,-2.0,15.0,176.0
2025-02-17 01:26:09.820048,-3.0,16.0,174.0
2025-02-17 01:26:09.823050,-3.0,16.0,175.0
2025-02-17 01:26:09.826387,-3.0,16.0,175.0
2025-02-17 01:26:10.843298,-3.0,16.0,176.0
2025-02-17 01:26:10.847310,-3.0,16.0,175.0
2025-02-17 01:26:10.849300,-2.0,15.0,175.0
2025-02-17 01:26:10.852308,-2.0,15.0,173.0
2025-02-17 01:26:10.865300,-4.0,18.0,173.0
2025-02-17 01:26:10.867309,-1.0,9.0,177.0
2025-02-17 01:26:11.882617,-3.0,14.0,181.0
2025-02-17 01:26:11.893734,-1.0,9.0,179.0
2025-02-17 01:26:11.906733,12.0,8.0,173.0
2025-02-17 01:26:11.908733,15.0,25.0,177.0
2025-02-17 01:26:11.922157,4.0,17.0,182.0
2025-02-17 01:26:11.924159,-27.0,39.0,180.0
2025-02-17 01:26:12.933323,-78.0,53.0,168.0
2025-02-17 01:26:12.940517,-39.0,21.0,147.0
2025-02-17 01:26:12.953291,-28.0,10.0,154.0
2025-02-17 01:26:12.955291,-26.0,22.0,156.0
2025-02-17 01:26:12.964290,-22.0,24.0,159.0
2025-02-17 01:26:12.970290,-5.0,-3.0,165.0
2025-02-17 01:26:13.986392,0.0,-17.0,167.0
2025-02-17 01:26:14.008983,0.0,-21.0,166.0
2025-02-17 01:26:14.010003,0.0,-19.0,167.0
2025-02-17 01:26:14.010003,2.0,-21.0,166.0
2025-02-17 01:26:14.022223,-2.0,-22.0,168.0
2025-02-17 01:26:14.023677,-11.0,-25.0,175.0
2025-02-17 01:26:15.038938,-14.0,-27.0,174.0
2025-02-17 01:26:15.046443,-15.0,-30.0,170.0
2025-02-17 01:26:15.062032,-14.0,-28.0,169.0
2025-02-17 01:26:15.062032,-8.0,-26.0,167.0
2025-02-17 01:26:15.062032,-8.0,-27.0,168.0
2025-02-17 01:26:15.074907,-2.0,-26.0,162.0
2025-02-17 01:26:16.091386,-2.0,-19.0,154.0
2025-02-17 01:26:16.096143,-3.0,-20.0,154.0
2025-02-17 01:26:16.109606,-3.0,-17.0,154.0
2025-02-17 01:26:16.110938,-2.0,-18.0,152.0
2025-02-17 01:26:16.114480,-2.0,-18.0,153.0
2025-02-17 01:26:16.125815,-3.0,-17.0,153.0
2025-02-17 01:26:17.133503,-3.0,-17.0,153.0
2025-02-17 01:26:17.139826,-2.0,-17.0,153.0
2025-02-17 01:26:17.152419,-3.0,-18.0,154.0
2025-02-17 01:26:17.153817,-2.0,-19.0,153.0
2025-02-17 01:26:17.168476,-3.0,-17.0,154.0
2025-02-17 01:26:17.171476,-3.0,-17.0,154.0
2025-02-17 01:26:18.183934,-2.0,-17.0,154.0
2025-02-17 01:26:18.189934,-4.0,-17.0,155.0
2025-02-17 01:26:18.203934,-2.0,-14.0,152.0
2025-02-17 01:26:18.207266,-2.0,-16.0,154.0
2025-02-17 01:26:18.220403,-3.0,-19.0,156.0
2025-02-17 01:26:18.222449,-4.0,-17.0,156.0
2025-02-17 01:26:19.232160,-4.0,-16.0,157.0
2025-02-17 01:26:19.239521,-2.0,-16.0,156.0
2025-02-17 01:26:19.252852,-2.0,-14.0,156.0
2025-02-17 01:26:19.254127,0.0,-16.0,156.0
2025-02-17 01:26:19.267887,0.0,-18.0,156.0
2025-02-17 01:26:19.270080,0.0,-18.0,157.0
2025-02-17 01:26:20.276312,1.0,-21.0,156.0
2025-02-17 01:26:20.281222,-2.0,-16.0,156.0
2025-02-17 01:26:20.294118,-8.0,-16.0,160.0
2025-02-17 01:26:20.295120,-1.0,-17.0,156.0
2025-02-17 01:26:20.308424,-1.0,-17.0,155.0
2025-02-17 01:26:20.323082,-1.0,-16.0,155.0
2025-02-17 01:26:21.336164,-1.0,-17.0,157.0
2025-02-17 01:26:21.344617,-2.0,-16.0,158.0
2025-02-17 01:26:21.359804,-1.0,-17.0,157.0
2025-02-17 01:26:21.362201,-2.0,-17.0,156.0
2025-02-17 01:26:21.375201,-1.0,-17.0,157.0
2025-02-17 01:26:21.376201,-2.0,-17.0,157.0
2025-02-17 01:26:22.390300,-2.0,-17.0,157.0
2025-02-17 01:26:22.395301,-1.0,-18.0,157.0
2025-02-17 01:26:22.408997,-1.0,-17.0,157.0
2025-02-17 01:26:22.409999,-1.0,-17.0,158.0
2025-02-17 01:26:22.424058,-1.0,-17.0,156.0
2025-02-17 01:26:22.438058,-1.0,-17.0,157.0
2025-02-17 01:26:23.440617,-2.0,-16.0,158.0
2025-02-17 01:26:23.445624,-1.0,-17.0,157.0
2025-02-17 01:26:23.458082,-2.0,-17.0,159.0
2025-02-17 01:26:23.460832,-2.0,-16.0,158.0
2025-02-17 01:26:23.462854,-1.0,-17.0,157.0
2025-02-17 01:26:24.469298,-1.0,-17.0,159.0
2025-02-17 01:26:24.476988,-3.0,-17.0,158.0
2025-02-17 01:26:24.488042,-1.0,-17.0,158.0
2025-02-17 01:26:24.490435,-2.0,-12.0,158.0
2025-02-17 01:26:24.504160,-1.0,-14.0,159.0
2025-02-17 01:26:24.506071,-13.0,-15.0,158.0
2025-02-17 01:26:25.518665,0.0,-16.0,159.0
2025-02-17 01:26:25.523579,0.0,-18.0,158.0
2025-02-17 01:26:25.537579,1.0,-19.0,157.0
2025-02-17 01:26:25.538579,1.0,-18.0,158.0
2025-02-17 01:26:25.541579,-1.0,-16.0,160.0
2025-02-17 01:26:25.553582,0.0,-18.0,157.0
2025-02-17 01:26:26.572556,0.0,-18.0,157.0
2025-02-17 01:26:26.581556,-1.0,-15.0,159.0
2025-02-17 01:26:26.598556,-1.0,-16.0,158.0
2025-02-17 01:26:26.600556,0.0,-18.0,158.0
2025-02-17 01:26:26.614556,0.0,-17.0,158.0
2025-02-17 01:26:26.616556,0.0,-18.0,157.0
2025-02-17 01:26:27.634536,-1.0,-16.0,157.0
2025-02-17 01:26:27.634536,-2.0,-16.0,158.0
2025-02-17 01:26:27.634536,-2.0,-16.0,158.0
2025-02-17 01:26:27.634536,-1.0,-18.0,158.0
2025-02-17 01:26:27.635692,-1.0,-16.0,159.0
2025-02-17 01:26:27.635692,0.0,-17.0,157.0
2025-02-17 01:26:28.648582,-1.0,-17.0,158.0
2025-02-17 01:26:28.667741,-1.0,-17.0,158.0
2025-02-17 01:26:28.670741,0.0,-17.0,157.0
2025-02-17 01:26:28.670741,-1.0,-17.0,158.0
2025-02-17 01:26:28.684362,0.0,-17.0,158.0
2025-02-17 01:26:28.687362,-1.0,-16.0,159.0
2025-02-17 01:26:29.698898,-1.0,-17.0,158.0
2025-02-17 01:26:29.703973,-1.0,-14.0,158.0
2025-02-17 01:26:29.715973,0.0,-15.0,157.0
2025-02-17 01:26:29.717315,0.0,-17.0,158.0
2025-02-17 01:26:29.730780,-1.0,-15.0,158.0
2025-02-17 01:26:29.732828,-1.0,-14.0,159.0
2025-02-17 01:26:30.749294,-1.0,-15.0,157.0
2025-02-17 01:26:30.754271,0.0,-16.0,158.0
2025-02-17 01:26:30.768517,0.0,-17.0,158.0
2025-02-17 01:26:30.770000,0.0,-16.0,157.0
2025-02-17 01:26:30.784402,-7.0,-14.0,162.0
2025-02-17 01:26:30.797875,0.0,-15.0,158.0
2025-02-17 01:26:31.809480,-1.0,-13.0,158.0
2025-02-17 01:26:31.819389,6.0,-15.0,153.0
2025-02-17 01:26:31.834647,-2.0,-14.0,159.0
2025-02-17 01:26:31.836655,0.0,-12.0,158.0
2025-02-17 01:26:31.849103,-2.0,-14.0,161.0
2025-02-17 01:26:31.851308,-2.0,-15.0,159.0
2025-02-17 01:26:32.863404,1.0,-14.0,156.0
2025-02-17 01:26:32.873723,0.0,-13.0,158.0
2025-02-17 01:26:32.886723,0.0,-16.0,156.0
2025-02-17 01:26:32.889520,0.0,-14.0,157.0
2025-02-17 01:26:32.901522,0.0,-14.0,158.0
2025-02-17 01:26:32.903522,0.0,-16.0,156.0
2025-02-17 01:26:33.922391,0.0,-13.0,158.0
2025-02-17 01:26:33.931582,0.0,-15.0,158.0
2025-02-17 01:26:33.945760,0.0,-14.0,158.0
2025-02-17 01:26:33.946758,0.0,-14.0,158.0
2025-02-17 01:26:33.960760,0.0,-14.0,159.0
2025-02-17 01:26:33.961759,0.0,-14.0,157.0
2025-02-17 01:26:34.977196,0.0,-14.0,158.0
2025-02-17 01:26:34.983196,0.0,-14.0,160.0
2025-02-17 01:26:34.997196,0.0,-14.0,157.0
2025-02-17 01:26:34.998196,0.0,-14.0,158.0
2025-02-17 01:26:35.012197,-1.0,-13.0,159.0
2025-02-17 01:26:35.014196,-1.0,-13.0,159.0
2025-02-17 01:26:36.032834,-1.0,-12.0,158.0
2025-02-17 01:26:36.039832,0.0,-14.0,159.0
2025-02-17 01:26:36.051832,0.0,-14.0,159.0
2025-02-17 01:26:36.053832,-1.0,-14.0,158.0
2025-02-17 01:26:36.067032,0.0,-14.0,157.0
2025-02-17 01:26:36.069033,-1.0,-13.0,157.0
2025-02-17 01:26:37.071581,-1.0,-14.0,156.0
2025-02-17 01:26:37.077006,-1.0,-13.0,156.0
2025-02-17 01:26:37.090007,-1.0,-14.0,157.0
2025-02-17 01:26:37.091540,-6.0,-1.0,156.0
2025-02-17 01:26:37.105763,-3.0,14.0,156.0
2025-02-17 01:26:37.107596,7.0,1.0,161.0
2025-02-17 01:26:38.116857,11.0,-21.0,147.0
2025-02-17 01:26:38.126858,-37.0,-33.0,163.0
2025-02-17 01:26:38.140353,-47.0,-17.0,135.0
2025-02-17 01:26:38.142354,8.0,3.0,148.0
2025-02-17 01:26:38.155354,18.0,17.0,168.0
2025-02-17 01:26:38.157354,11.0,-4.0,168.0
2025-02-17 01:26:39.165002,-29.0,-38.0,145.0
2025-02-17 01:26:39.172002,-42.0,-39.0,141.0
2025-02-17 01:26:39.185511,-54.0,22.0,144.0
2025-02-17 01:26:39.187510,0.0,8.0,167.0
2025-02-17 01:26:39.190510,22.0,6.0,171.0
2025-02-17 01:26:39.202959,2.0,-1.0,178.0
2025-02-17 01:26:40.218708,-23.0,-42.0,144.0
2025-02-17 01:26:40.222725,-41.0,-48.0,148.0
2025-02-17 01:26:40.236725,-73.0,-15.0,142.0
2025-02-17 01:26:40.238725,-43.0,28.0,136.0
2025-02-17 01:26:40.241539,-3.0,24.0,151.0
2025-02-17 01:26:40.254805,11.0,-5.0,164.0
2025-02-17 01:26:41.271705,-2.0,-22.0,160.0
2025-02-17 01:26:41.276738,-39.0,-38.0,147.0
2025-02-17 01:26:41.290305,-62.0,-31.0,148.0
2025-02-17 01:26:41.292304,-60.0,6.0,138.0
2025-02-17 01:26:41.305319,-11.0,21.0,151.0
2025-02-17 01:26:41.308305,5.0,5.0,156.0
2025-02-17 01:26:42.317223,-12.0,-17.0,149.0
2025-02-17 01:26:42.335159,-41.0,-39.0,139.0
2025-02-17 01:26:42.337158,-74.0,-17.0,144.0
2025-02-17 01:26:42.339158,-27.0,-1.0,131.0
2025-02-17 01:26:42.352158,-3.0,-9.0,150.0
2025-02-17 01:26:42.354438,4.0,-10.0,154.0
2025-02-17 01:26:43.370632,10.0,-8.0,161.0
2025-02-17 01:26:43.380139,6.0,-9.0,165.0
2025-02-17 01:26:43.394141,2.0,-10.0,158.0
2025-02-17 01:26:43.397141,0.0,-10.0,153.0
2025-02-17 01:26:43.409975,-15.0,-7.0,154.0
2025-02-17 01:26:43.411976,-21.0,-4.0,146.0
2025-02-17 01:26:44.431947,-30.0,0.0,147.0
2025-02-17 01:26:44.442964,-34.0,4.0,147.0
2025-02-17 01:26:44.455967,-41.0,-1.0,144.0
2025-02-17 01:26:44.457966,-45.0,-4.0,140.0
2025-02-17 01:26:44.469967,-48.0,-6.0,140.0
2025-02-17 01:26:44.471968,-55.0,-1.0,140.0
2025-02-17 01:26:45.483854,-53.0,-5.0,141.0
2025-02-17 01:26:45.487855,-52.0,-5.0,141.0
2025-02-17 01:26:45.502855,-54.0,-3.0,141.0
2025-02-17 01:26:45.504865,-54.0,-4.0,141.0
2025-02-17 01:26:45.506855,-53.0,-5.0,141.0
2025-02-17 01:26:45.519855,-54.0,-4.0,140.0
2025-02-17 01:26:46.530050,-55.0,-4.0,142.0
2025-02-17 01:26:46.537047,-56.0,-4.0,142.0
2025-02-17 01:26:46.550279,-55.0,-4.0,142.0
2025-02-17 01:26:46.552279,-55.0,-4.0,141.0
2025-02-17 01:26:46.566279,-56.0,-4.0,142.0
2025-02-17 01:26:46.567279,-56.0,-4.0,142.0
2025-02-17 01:26:47.581423,-56.0,-5.0,142.0
2025-02-17 01:26:47.592936,-59.0,-3.0,143.0
2025-02-17 01:26:47.608935,-58.0,-4.0,142.0
2025-02-17 01:26:47.610936,-58.0,-3.0,142.0
2025-02-17 01:26:47.623936,-59.0,-3.0,143.0
2025-02-17 01:26:47.625936,-58.0,-3.0,142.0
2025-02-17 01:26:48.635065,-58.0,-4.0,142.0
2025-02-17 01:26:48.643792,-57.0,-3.0,143.0
2025-02-17 01:26:48.657790,-55.0,-5.0,142.0
2025-02-17 01:26:48.658790,-55.0,-4.0,142.0
2025-02-17 01:26:48.671792,-52.0,-8.0,143.0
2025-02-17 01:26:48.672793,-50.0,-1.0,141.0
2025-02-17 01:26:49.689541,-53.0,-2.0,143.0
2025-02-17 01:26:49.701446,-49.0,-1.0,141.0
2025-02-17 01:26:49.713446,-42.0,-1.0,142.0
2025-02-17 01:26:49.715446,1.0,8.0,150.0
2025-02-17 01:26:49.728446,30.0,10.0,181.0
2025-02-17 01:26:49.730446,50.0,11.0,197.0
2025-02-17 01:26:50.745593,64.0,7.0,192.0
2025-02-17 01:26:50.754682,65.0,7.0,199.0
2025-02-17 01:26:50.769681,67.0,6.0,197.0
2025-02-17 01:26:50.771681,71.0,8.0,202.0
2025-02-17 01:26:50.774146,75.0,7.0,201.0
2025-02-17 01:26:50.786147,77.0,7.0,204.0
2025-02-17 01:26:51.801037,76.0,7.0,203.0
2025-02-17 01:26:51.811924,75.0,7.0,203.0
2025-02-17 01:26:51.823923,75.0,8.0,204.0
2025-02-17 01:26:51.826923,76.0,8.0,204.0
2025-02-17 01:26:51.838495,75.0,8.0,205.0
2025-02-17 01:26:51.841495,74.0,7.0,204.0
2025-02-17 01:26:52.858121,73.0,7.0,205.0
2025-02-17 01:26:52.865040,72.0,7.0,205.0
2025-02-17 01:26:52.878041,71.0,6.0,205.0
2025-02-17 01:26:52.881041,72.0,7.0,204.0
2025-02-17 01:26:52.892546,71.0,6.0,205.0
2025-02-17 01:26:52.895548,72.0,6.0,206.0
2025-02-17 01:26:53.914677,72.0,6.0,205.0
2025-02-17 01:26:53.920676,72.0,6.0,205.0
2025-02-17 01:26:53.934663,72.0,6.0,206.0
2025-02-17 01:26:53.936663,71.0,6.0,206.0
2025-02-17 01:26:53.938978,72.0,6.0,206.0
2025-02-17 01:26:53.960981,72.0,5.0,206.0
2025-02-17 01:26:54.974559,71.0,6.0,206.0
2025-02-17 01:26:54.983564,70.0,6.0,206.0
2025-02-17 01:26:54.997606,70.0,5.0,206.0
2025-02-17 01:26:54.999606,60.0,9.0,208.0
2025-02-17 01:26:55.011780,23.0,33.0,202.0
2025-02-17 01:26:55.013796,-4.0,56.0,173.0
2025-02-17 01:26:56.034367,14.0,14.0,187.0
2025-02-17 01:26:56.044509,4.0,-2.0,187.0
2025-02-17 01:26:56.057837,-15.0,33.0,172.0
2025-02-17 01:26:56.059837,-11.0,60.0,173.0
2025-02-17 01:26:56.071837,9.0,27.0,210.0
2025-02-17 01:26:56.073837,9.0,-14.0,191.0
2025-02-17 01:26:57.085082,10.0,64.0,214.0
2025-02-17 01:26:57.093081,28.0,29.0,217.0
2025-02-17 01:26:57.105487,0.0,0.0,211.0
2025-02-17 01:26:57.106487,-11.0,36.0,203.0
2025-02-17 01:26:57.119487,-23.0,54.0,214.0
2025-02-17 01:26:57.121487,-1.0,-9.0,231.0
2025-02-17 01:26:58.141433,15.0,57.0,278.0
2025-02-17 01:26:58.149434,-66.0,87.0,297.0
2025-02-17 01:26:58.161433,11.0,34.0,326.0
2025-02-17 01:26:58.164433,13.0,43.0,313.0
2025-02-17 01:26:58.176523,10.0,31.0,313.0
2025-02-17 01:26:58.178892,101.0,-175.0,99.0
2025-02-17 01:26:59.196626,13.0,13.0,304.0
2025-02-17 01:26:59.202160,29.0,38.0,300.0
2025-02-17 01:26:59.215080,-2.0,16.0,351.0
2025-02-17 01:26:59.217080,-10.0,24.0,351.0
2025-02-17 01:26:59.220346,10.0,46.0,28.0
2025-02-17 01:27:00.233991,28.0,0.0,340.0
2025-02-17 01:27:00.237979,43.0,18.0,302.0
2025-02-17 01:27:00.248118,3.0,19.0,240.0
2025-02-17 01:27:00.254117,9.0,36.0,237.0
2025-02-17 01:27:00.256117,-8.0,18.0,216.0
2025-02-17 01:27:00.269550,-10.0,17.0,195.0
2025-02-17 01:27:01.277350,-7.0,18.0,189.0
2025-02-17 01:27:01.282704,-7.0,20.0,190.0
2025-02-17 01:27:01.297050,-7.0,20.0,189.0
2025-02-17 01:27:01.298273,-10.0,28.0,189.0
2025-02-17 01:27:01.312393,-12.0,26.0,182.0
2025-02-17 01:27:01.313724,-10.0,25.0,181.0
2025-02-17 01:27:02.330916,-9.0,25.0,182.0
2025-02-17 01:27:02.339978,-8.0,27.0,181.0
2025-02-17 01:27:02.353978,-9.0,29.0,181.0
2025-02-17 01:27:02.367978,-7.0,27.0,181.0
2025-02-17 01:27:02.368978,-7.0,27.0,180.0
2025-02-17 01:27:02.377978,-8.0,28.0,180.0
2025-02-17 01:27:03.385702,-6.0,28.0,180.0
2025-02-17 01:27:03.394746,-4.0,25.0,180.0
2025-02-17 01:27:03.408271,-4.0,27.0,181.0
2025-02-17 01:27:03.409769,-13.0,23.0,179.0
2025-02-17 01:27:03.412775,-27.0,24.0,174.0
2025-02-17 01:27:03.424823,-29.0,22.0,174.0
2025-02-17 01:27:04.438232,-30.0,21.0,174.0
2025-02-17 01:27:04.448528,-28.0,17.0,174.0
2025-02-17 01:27:04.462582,-29.0,20.0,174.0
2025-02-17 01:27:04.464582,-33.0,22.0,174.0
2025-02-17 01:27:04.477582,-36.0,16.0,174.0
2025-02-17 01:27:04.479582,-38.0,17.0,175.0
2025-02-17 01:27:05.493068,-33.0,8.0,174.0
2025-02-17 01:27:05.506088,-27.0,1.0,177.0
2025-02-17 01:27:05.524496,-10.0,2.0,178.0
2025-02-17 01:27:05.526495,-1.0,-3.0,190.0
2025-02-17 01:27:05.539496,0.0,-4.0,192.0
2025-02-17 01:27:05.541504,1.0,-6.0,191.0
2025-02-17 01:27:06.554224,1.0,-5.0,193.0
2025-02-17 01:27:06.563132,3.0,-6.0,194.0
2025-02-17 01:27:06.576591,4.0,-4.0,196.0
2025-02-17 01:27:06.578592,6.0,-4.0,200.0
2025-02-17 01:27:06.590591,14.0,-7.0,198.0
2025-02-17 01:27:06.593592,16.0,-7.0,203.0
2025-02-17 01:27:07.602428,17.0,-9.0,203.0
2025-02-17 01:27:07.608472,16.0,-7.0,204.0
2025-02-17 01:27:07.623002,15.0,-9.0,205.0
2025-02-17 01:27:07.624002,17.0,-5.0,206.0
2025-02-17 01:27:07.638558,18.0,-1.0,208.0
2025-02-17 01:27:07.639564,19.0,2.0,205.0
2025-02-17 01:27:08.659597,19.0,2.0,205.0
2025-02-17 01:27:08.666597,19.0,6.0,206.0
2025-02-17 01:27:08.679596,18.0,6.0,205.0
2025-02-17 01:27:08.681597,18.0,3.0,204.0
2025-02-17 01:27:08.683597,17.0,-4.0,202.0
2025-02-17 01:27:08.696597,12.0,-12.0,203.0
2025-02-17 01:27:09.707699,11.0,-15.0,202.0
2025-02-17 01:27:09.712698,11.0,-18.0,202.0
2025-02-17 01:27:09.725216,10.0,-18.0,201.0
2025-02-17 01:27:09.727231,9.0,-19.0,202.0
2025-02-17 01:27:09.740725,8.0,-19.0,202.0
2025-02-17 01:27:09.742726,7.0,-18.0,200.0
2025-02-17 01:27:10.759719,8.0,-19.0,200.0
2025-02-17 01:27:10.764420,7.0,-20.0,200.0
2025-02-17 01:27:10.777917,7.0,-18.0,200.0
2025-02-17 01:27:10.779918,8.0,-17.0,199.0
2025-02-17 01:27:10.793554,6.0,-16.0,200.0
2025-02-17 01:27:10.795566,6.0,-13.0,201.0
2025-02-17 01:27:11.803298,7.0,-14.0,202.0
2025-02-17 01:27:11.807431,7.0,-12.0,202.0
2025-02-17 01:27:11.822482,6.0,-11.0,202.0
2025-02-17 01:27:11.824508,6.0,-11.0,203.0
2025-02-17 01:27:11.838586,9.0,-15.0,201.0
2025-02-17 01:27:11.840586,8.0,-13.0,202.0
2025-02-17 01:27:12.851263,10.0,-14.0,202.0
2025-02-17 01:27:12.860446,8.0,-12.0,202.0
2025-02-17 01:27:12.873446,8.0,-13.0,202.0
2025-02-17 01:27:12.874446,9.0,-12.0,201.0
2025-02-17 01:27:12.887446,9.0,-12.0,203.0
2025-02-17 01:27:12.888446,8.0,-12.0,204.0
2025-02-17 01:27:13.905584,8.0,-12.0,202.0
2025-02-17 01:27:13.913575,9.0,-13.0,203.0
2025-02-17 01:27:13.925695,8.0,-13.0,204.0
2025-02-17 01:27:13.926697,8.0,-13.0,203.0
2025-02-17 01:27:13.929698,8.0,-13.0,201.0
2025-02-17 01:27:13.941697,9.0,-13.0,202.0
2025-02-17 01:27:14.952551,9.0,-13.0,202.0
2025-02-17 01:27:14.961550,8.0,-13.0,202.0
2025-02-17 01:27:14.973688,8.0,-13.0,204.0
2025-02-17 01:27:14.975688,8.0,-13.0,203.0
2025-02-17 01:27:14.988688,8.0,-13.0,202.0
2025-02-17 01:27:14.989692,8.0,-14.0,203.0
2025-02-17 01:27:16.007904,9.0,-13.0,203.0
2025-02-17 01:27:16.015944,9.0,-13.0,204.0
2025-02-17 01:27:16.028448,9.0,-14.0,202.0
2025-02-17 01:27:16.030449,8.0,-13.0,204.0
2025-02-17 01:27:16.042449,9.0,-12.0,203.0
2025-02-17 01:27:16.044449,9.0,-13.0,203.0
2025-02-17 01:27:17.063419,8.0,-12.0,203.0
2025-02-17 01:27:17.070421,9.0,-13.0,203.0
2025-02-17 01:27:17.082419,9.0,-12.0,203.0
2025-02-17 01:27:17.084936,9.0,-14.0,203.0
2025-02-17 01:27:17.098919,9.0,-13.0,202.0
2025-02-17 01:27:17.100416,9.0,-13.0,204.0
2025-02-17 01:27:18.113694,8.0,-13.0,204.0
2025-02-17 01:27:18.117355,9.0,-13.0,203.0
2025-02-17 01:27:18.130829,9.0,-12.0,203.0
2025-02-17 01:27:18.133831,9.0,-13.0,204.0
2025-02-17 01:27:18.135853,9.0,-13.0,203.0
2025-02-17 01:27:18.147380,9.0,-13.0,204.0
2025-02-17 01:27:19.154271,9.0,-13.0,204.0
2025-02-17 01:27:19.159752,9.0,-13.0,204.0
2025-02-17 01:27:19.173337,8.0,-13.0,205.0
2025-02-17 01:27:19.174809,8.0,-13.0,204.0
2025-02-17 01:27:19.188407,8.0,-13.0,205.0
2025-02-17 01:27:19.190419,8.0,-13.0,203.0
2025-02-17 01:27:20.200498,9.0,-14.0,204.0
2025-02-17 01:27:20.207179,8.0,-13.0,205.0
2025-02-17 01:27:20.219825,9.0,-13.0,204.0
2025-02-17 01:27:20.220826,9.0,-13.0,204.0
2025-02-17 01:27:20.234405,9.0,-13.0,204.0
2025-02-17 01:27:20.236416,9.0,-13.0,204.0
2025-02-17 01:27:21.247390,9.0,-13.0,204.0
2025-02-17 01:27:21.252390,9.0,-13.0,205.0
2025-02-17 01:27:21.266390,9.0,-13.0,204.0
2025-02-17 01:27:21.268390,9.0,-13.0,205.0
2025-02-17 01:27:21.283390,9.0,-14.0,206.0
2025-02-17 01:27:21.284390,10.0,-14.0,205.0
2025-02-17 01:27:22.290264,10.0,-13.0,205.0
2025-02-17 01:27:22.316869,10.0,-14.0,204.0
2025-02-17 01:27:22.320959,10.0,-13.0,205.0
2025-02-17 01:27:22.341958,9.0,-14.0,205.0
2025-02-17 01:27:22.362959,9.0,-13.0,205.0
2025-02-17 01:27:22.377958,9.0,-13.0,205.0
2025-02-17 01:27:23.390775,9.0,-14.0,205.0
2025-02-17 01:27:23.397792,9.0,-13.0,205.0
2025-02-17 01:27:23.411331,8.0,-13.0,205.0
2025-02-17 01:27:23.412322,9.0,-12.0,204.0
2025-02-17 01:27:23.426322,9.0,-13.0,204.0
2025-02-17 01:27:23.428322,9.0,-14.0,204.0
2025-02-17 01:27:24.444741,9.0,-12.0,205.0
2025-02-17 01:27:24.448738,9.0,-13.0,204.0
2025-02-17 01:27:24.461738,8.0,-12.0,204.0
2025-02-17 01:27:24.463737,8.0,-12.0,204.0
2025-02-17 01:27:24.465737,7.0,-12.0,203.0
2025-02-17 01:27:24.477740,6.0,-12.0,203.0
2025-02-17 01:27:25.488806,5.0,-10.0,202.0
2025-02-17 01:27:25.495773,0.0,11.0,197.0
2025-02-17 01:27:25.507773,4.0,6.0,187.0
2025-02-17 01:27:25.509294,4.0,9.0,182.0
2025-02-17 01:27:25.522301,-5.0,26.0,174.0
2025-02-17 01:27:25.524301,-12.0,28.0,165.0
2025-02-17 01:27:26.530434,-16.0,29.0,159.0
2025-02-17 01:27:26.538446,-26.0,32.0,153.0
2025-02-17 01:27:26.551442,-17.0,30.0,150.0
2025-02-17 01:27:26.554358,-24.0,39.0,145.0
2025-02-17 01:27:26.566357,-18.0,36.0,149.0
2025-02-17 01:27:26.579357,-31.0,22.0,155.0
2025-02-17 01:27:27.583564,2.0,19.0,159.0
2025-02-17 01:27:27.590480,7.0,34.0,154.0
2025-02-17 01:27:27.606495,5.0,31.0,162.0
2025-02-17 01:27:27.608507,1.0,36.0,161.0
2025-02-17 01:27:27.623003,0.0,38.0,158.0
2025-02-17 01:27:27.627002,0.0,36.0,158.0
2025-02-17 01:27:28.645419,-3.0,39.0,160.0
2025-02-17 01:27:28.655832,5.0,37.0,160.0
2025-02-17 01:27:28.670962,15.0,44.0,163.0
2025-02-17 01:27:28.672963,18.0,36.0,173.0
2025-02-17 01:27:28.684964,19.0,29.0,176.0
2025-02-17 01:27:28.686964,16.0,28.0,176.0
2025-02-17 01:27:29.694951,16.0,27.0,176.0
2025-02-17 01:27:29.701875,21.0,27.0,177.0
2025-02-17 01:27:29.718345,25.0,27.0,178.0
2025-02-17 01:27:29.720344,29.0,25.0,181.0
2025-02-17 01:27:29.722345,29.0,22.0,181.0
2025-02-17 01:27:29.748546,29.0,15.0,179.0
2025-02-17 01:27:30.765773,29.0,19.0,181.0
2025-02-17 01:27:30.776773,31.0,21.0,181.0
2025-02-17 01:27:30.789772,32.0,18.0,181.0
2025-02-17 01:27:30.792205,31.0,19.0,181.0
2025-02-17 01:27:30.804221,31.0,22.0,179.0
2025-02-17 01:27:30.806221,39.0,70.0,152.0
2025-02-17 01:27:31.818495,34.0,23.0,180.0
2025-02-17 01:27:31.821504,31.0,14.0,178.0
2025-02-17 01:27:31.835417,31.0,8.0,175.0
2025-02-17 01:27:31.837418,31.0,6.0,173.0
2025-02-17 01:27:31.839794,30.0,3.0,174.0
2025-02-17 01:27:32.847548,29.0,6.0,173.0
2025-02-17 01:27:32.858551,11.0,7.0,166.0
2025-02-17 01:27:32.871465,15.0,-10.0,154.0
2025-02-17 01:27:32.873465,12.0,-12.0,139.0
2025-02-17 01:27:32.885464,6.0,-18.0,141.0
2025-02-17 01:27:32.888464,-4.0,-19.0,139.0
2025-02-17 01:27:33.899847,-14.0,-25.0,143.0
2025-02-17 01:27:33.910974,-23.0,-26.0,148.0
2025-02-17 01:27:33.930659,-31.0,-22.0,149.0
2025-02-17 01:27:33.935667,-13.0,-22.0,137.0
2025-02-17 01:27:33.954680,-32.0,-10.0,141.0
2025-02-17 01:27:33.973664,-34.0,-15.0,141.0
2025-02-17 01:27:33.988662,-37.0,-16.0,142.0
2025-02-17 01:27:35.002884,-50.0,-8.0,139.0
2025-02-17 01:27:35.012890,-43.0,-11.0,138.0
2025-02-17 01:27:35.025498,-47.0,-9.0,140.0
2025-02-17 01:27:35.027498,-46.0,-8.0,139.0
2025-02-17 01:27:35.039957,-45.0,-8.0,137.0
2025-02-17 01:27:35.053748,-50.0,-5.0,137.0
2025-02-17 01:27:36.071921,-58.0,-4.0,133.0
2025-02-17 01:27:36.095220,-62.0,-3.0,133.0
2025-02-17 01:27:36.097223,-61.0,-4.0,133.0
2025-02-17 01:27:36.110637,-62.0,-3.0,135.0
2025-02-17 01:27:36.113637,-62.0,-3.0,134.0
2025-02-17 01:27:36.127144,-63.0,-3.0,135.0
2025-02-17 01:27:37.138220,-62.0,-5.0,136.0
2025-02-17 01:27:37.146526,-63.0,-3.0,133.0
2025-02-17 01:27:37.159526,-61.0,-1.0,131.0
2025-02-17 01:27:37.160526,-54.0,-2.0,132.0
2025-02-17 01:27:37.173226,-52.0,-1.0,134.0
2025-02-17 01:27:37.175226,-51.0,-1.0,134.0
2025-02-17 01:27:38.188725,-51.0,-1.0,134.0
2025-02-17 01:27:38.199079,-51.0,0.0,134.0
2025-02-17 01:27:38.212078,-50.0,-1.0,134.0
2025-02-17 01:27:38.213080,-51.0,-1.0,135.0
2025-02-17 01:27:38.227080,-50.0,-1.0,135.0
2025-02-17 01:27:38.241502,-51.0,0.0,135.0
2025-02-17 01:27:39.255559,-50.0,-1.0,135.0
2025-02-17 01:27:39.259333,-50.0,-2.0,135.0
2025-02-17 01:27:39.272334,-51.0,-1.0,135.0
2025-02-17 01:27:39.274334,-50.0,-3.0,135.0
2025-02-17 01:27:39.276335,-50.0,-2.0,135.0
2025-02-17 01:27:40.287582,-51.0,-1.0,135.0
2025-02-17 01:27:40.296587,-50.0,-1.0,135.0
2025-02-17 01:27:40.311574,-51.0,-2.0,135.0
2025-02-17 01:27:40.313578,-51.0,0.0,135.0
2025-02-17 01:27:40.325593,-50.0,1.0,134.0
2025-02-17 01:27:40.327683,-51.0,0.0,135.0
2025-02-17 01:27:41.340392,-51.0,0.0,134.0
2025-02-17 01:27:41.364391,-53.0,2.0,136.0
2025-02-17 01:27:41.368383,-52.0,1.0,137.0
2025-02-17 01:27:41.386393,-52.0,1.0,136.0
2025-02-17 01:27:41.403383,-52.0,0.0,135.0
2025-02-17 01:27:41.417845,-52.0,0.0,137.0
2025-02-17 01:27:41.444353,-52.0,-2.0,138.0
2025-02-17 01:27:42.457246,-53.0,1.0,137.0
2025-02-17 01:27:42.464247,-53.0,3.0,135.0
2025-02-17 01:27:42.477632,-52.0,0.0,136.0
2025-02-17 01:27:42.478634,-52.0,0.0,137.0
2025-02-17 01:27:42.491634,-51.0,0.0,136.0
2025-02-17 01:27:42.507634,-52.0,0.0,136.0
2025-02-17 01:27:43.520884,-52.0,0.0,136.0
2025-02-17 01:27:43.525883,-51.0,0.0,137.0
2025-02-17 01:27:43.540424,-51.0,0.0,137.0
2025-02-17 01:27:43.543425,-51.0,0.0,137.0
2025-02-17 01:27:43.557424,-51.0,0.0,137.0
2025-02-17 01:27:44.566636,-51.0,0.0,138.0
2025-02-17 01:27:44.577883,-51.0,0.0,137.0
2025-02-17 01:27:44.580391,-51.0,1.0,137.0
2025-02-17 01:27:44.582405,-51.0,1.0,138.0
2025-02-17 01:27:44.583405,-51.0,0.0,138.0
2025-02-17 01:27:44.585405,-51.0,0.0,137.0
2025-02-17 01:27:45.603513,-51.0,0.0,138.0
2025-02-17 01:27:45.609120,-50.0,0.0,137.0
2025-02-17 01:27:45.620121,-51.0,0.0,138.0
2025-02-17 01:27:45.621119,-51.0,1.0,138.0
2025-02-17 01:27:45.634119,-50.0,0.0,138.0
2025-02-17 01:27:45.636119,-51.0,0.0,139.0
2025-02-17 01:27:46.647073,-50.0,0.0,139.0
2025-02-17 01:27:46.650074,-51.0,0.0,139.0
2025-02-17 01:27:46.663139,-51.0,0.0,138.0
2025-02-17 01:27:46.665139,-51.0,0.0,138.0
2025-02-17 01:27:46.667152,-51.0,0.0,139.0
2025-02-17 01:27:46.680284,-51.0,0.0,139.0
2025-02-17 01:27:47.690666,-50.0,0.0,139.0
2025-02-17 01:27:47.700671,-51.0,1.0,139.0
2025-02-17 01:27:47.712765,-51.0,0.0,139.0
2025-02-17 01:27:47.715767,-51.0,0.0,138.0
2025-02-17 01:27:47.727777,-51.0,0.0,138.0
2025-02-17 01:27:47.729767,-50.0,0.0,139.0
2025-02-17 01:27:48.740512,-51.0,0.0,139.0
2025-02-17 01:27:48.749502,-51.0,0.0,139.0
2025-02-17 01:27:48.761520,-51.0,0.0,138.0
2025-02-17 01:27:48.763520,-50.0,0.0,138.0
2025-02-17 01:27:48.776037,-51.0,0.0,139.0
2025-02-17 01:27:48.779027,-50.0,0.0,138.0
2025-02-17 01:27:49.806067,-51.0,0.0,139.0
2025-02-17 01:27:49.808068,-51.0,0.0,140.0
2025-02-17 01:27:49.820067,-50.0,0.0,139.0
2025-02-17 01:27:49.831067,-51.0,0.0,140.0
2025-02-17 01:27:49.833068,-51.0,0.0,139.0
2025-02-17 01:27:49.838511,-50.0,0.0,139.0
2025-02-17 01:27:50.853190,-50.0,0.0,139.0
2025-02-17 01:27:50.858193,-50.0,0.0,139.0
2025-02-17 01:27:50.870699,-51.0,0.0,139.0
2025-02-17 01:27:50.871701,-51.0,1.0,138.0
2025-02-17 01:27:50.885701,-51.0,0.0,139.0
2025-02-17 01:27:50.887701,-51.0,0.0,138.0
2025-02-17 01:27:51.901439,-50.0,0.0,139.0
2025-02-17 01:27:51.912344,-51.0,0.0,140.0
2025-02-17 01:27:51.924343,-51.0,0.0,140.0
2025-02-17 01:27:51.926344,-51.0,0.0,140.0
2025-02-17 01:27:51.939630,-51.0,0.0,140.0
2025-02-17 01:27:51.942121,-50.0,0.0,139.0
2025-02-17 01:27:52.956582,-51.0,0.0,139.0
2025-02-17 01:27:52.961590,-50.0,0.0,138.0
2025-02-17 01:27:52.977131,-50.0,0.0,139.0
2025-02-17 01:27:52.979131,-51.0,0.0,140.0
2025-02-17 01:27:52.982132,-50.0,0.0,139.0
2025-02-17 01:27:54.000298,-50.0,0.0,139.0
2025-02-17 01:27:54.003496,-51.0,1.0,139.0
2025-02-17 01:27:54.018613,-51.0,1.0,139.0
2025-02-17 01:27:54.020613,-50.0,0.0,139.0
2025-02-17 01:27:54.022931,-51.0,0.0,140.0
2025-02-17 01:27:54.026934,-51.0,1.0,139.0
2025-02-17 01:27:55.039703,-51.0,0.0,139.0
2025-02-17 01:27:55.051705,-50.0,1.0,139.0
2025-02-17 01:27:55.055703,-50.0,0.0,139.0
2025-02-17 01:27:55.060322,-50.0,0.0,139.0
2025-02-17 01:27:55.072322,-50.0,0.0,139.0
2025-02-17 01:27:55.074830,-50.0,0.0,140.0
2025-02-17 01:27:56.085715,-51.0,0.0,140.0
2025-02-17 01:27:56.095902,-50.0,0.0,140.0
2025-02-17 01:27:56.108063,-50.0,0.0,139.0
2025-02-17 01:27:56.111064,-50.0,0.0,140.0
2025-02-17 01:27:56.124217,-51.0,0.0,140.0
2025-02-17 01:27:56.127217,-51.0,0.0,139.0
2025-02-17 01:27:57.136427,-50.0,0.0,140.0
2025-02-17 01:27:57.142348,-50.0,0.0,139.0
2025-02-17 01:27:57.154309,-50.0,0.0,140.0
2025-02-17 01:27:57.156309,-49.0,0.0,139.0
2025-02-17 01:27:57.168993,-50.0,1.0,139.0
2025-02-17 01:27:57.170994,-50.0,0.0,139.0
2025-02-17 01:27:58.177037,-46.0,-2.0,141.0
2025-02-17 01:27:58.182547,-47.0,0.0,141.0
2025-02-17 01:27:58.196615,-47.0,0.0,141.0
2025-02-17 01:27:58.198122,-47.0,2.0,141.0
2025-02-17 01:27:58.200122,-47.0,-2.0,141.0
2025-02-17 01:27:58.213121,-47.0,-1.0,141.0
2025-02-17 01:27:59.228633,-47.0,0.0,141.0
2025-02-17 01:27:59.230396,-47.0,-1.0,141.0
2025-02-17 01:27:59.243398,-47.0,-1.0,141.0
2025-02-17 01:27:59.255986,-48.0,0.0,141.0
2025-02-17 01:27:59.257277,-48.0,0.0,141.0
2025-02-17 01:27:59.260421,-48.0,0.0,141.0
2025-02-17 01:28:00.275545,-47.0,0.0,141.0
2025-02-17 01:28:00.278623,-48.0,0.0,141.0
2025-02-17 01:28:00.281418,-47.0,0.0,141.0
2025-02-17 01:28:00.293382,-47.0,-1.0,141.0
2025-02-17 01:28:00.295804,-47.0,0.0,140.0
2025-02-17 01:28:00.307960,-47.0,0.0,140.0
2025-02-17 01:28:01.309777,-47.0,0.0,141.0
2025-02-17 01:28:01.310960,-47.0,0.0,141.0
2025-02-17 01:28:01.314137,-47.0,0.0,140.0
2025-02-17 01:28:01.318689,-48.0,-1.0,141.0
2025-02-17 01:28:01.329875,-47.0,0.0,140.0
2025-02-17 01:28:01.332158,-47.0,-1.0,140.0
2025-02-17 01:28:02.344599,-47.0,0.0,141.0
2025-02-17 01:28:02.351745,-47.0,0.0,141.0
2025-02-17 01:28:02.363804,-47.0,0.0,141.0
2025-02-17 01:28:02.364802,-47.0,0.0,141.0
2025-02-17 01:28:02.366802,-48.0,0.0,140.0
2025-02-17 01:28:02.368802,-48.0,0.0,141.0
2025-02-17 01:28:03.382630,-41.0,-8.0,140.0
2025-02-17 01:28:03.385629,-46.0,1.0,143.0
2025-02-17 01:28:03.398665,-51.0,3.0,143.0
2025-02-17 01:28:03.400663,-46.0,0.0,141.0
2025-02-17 01:28:03.401664,-46.0,0.0,143.0
2025-02-17 01:28:04.410770,-45.0,0.0,142.0
2025-02-17 01:28:04.419769,-45.0,0.0,142.0
2025-02-17 01:28:04.431769,-46.0,0.0,142.0
2025-02-17 01:28:04.433769,-46.0,0.0,142.0
2025-02-17 01:28:04.446769,-45.0,0.0,142.0
2025-02-17 01:28:04.447769,-45.0,-1.0,142.0
2025-02-17 01:28:05.454873,-45.0,0.0,142.0
2025-02-17 01:28:05.480153,-46.0,0.0,141.0
2025-02-17 01:28:05.481153,-46.0,0.0,142.0
2025-02-17 01:28:05.484154,-47.0,0.0,142.0
2025-02-17 01:28:05.496660,-48.0,0.0,141.0
2025-02-17 01:28:05.499661,-47.0,0.0,141.0
2025-02-17 01:28:06.509026,-47.0,0.0,141.0
2025-02-17 01:28:06.513028,-46.0,0.0,141.0
2025-02-17 01:28:06.534028,-48.0,0.0,141.0
2025-02-17 01:28:06.536029,-48.0,0.0,140.0
2025-02-17 01:28:06.548463,-48.0,0.0,142.0
2025-02-17 01:28:06.551463,-48.0,0.0,141.0
2025-02-17 01:28:07.569340,-49.0,0.0,142.0
2025-02-17 01:28:07.572651,-47.0,0.0,142.0
2025-02-17 01:28:07.596514,-46.0,-1.0,142.0
2025-02-17 01:28:07.598597,-33.0,-14.0,139.0
2025-02-17 01:28:07.611353,-32.0,-4.0,136.0
2025-02-17 01:28:07.612737,-44.0,5.0,141.0
2025-02-17 01:28:08.632098,-48.0,-4.0,147.0
2025-02-17 01:28:08.652093,-49.0,-4.0,145.0
2025-02-17 01:28:08.663607,-49.0,-7.0,147.0
2025-02-17 01:28:08.664607,-38.0,-6.0,140.0
2025-02-17 01:28:08.667606,-49.0,-4.0,148.0
2025-02-17 01:28:08.678611,-68.0,-1.0,155.0
2025-02-17 01:28:09.689483,-47.0,6.0,146.0
2025-02-17 01:28:09.706008,-49.0,2.0,149.0
2025-02-17 01:28:09.717273,-48.0,1.0,150.0
2025-02-17 01:28:09.718275,-47.0,1.0,150.0
2025-02-17 01:28:09.721278,-47.0,1.0,150.0
2025-02-17 01:28:09.732276,-47.0,1.0,151.0
2025-02-17 01:28:10.742191,-48.0,1.0,151.0
2025-02-17 01:28:10.744191,-47.0,1.0,151.0
2025-02-17 01:28:10.757463,-46.0,1.0,150.0
2025-02-17 01:28:10.768221,-46.0,2.0,150.0
2025-02-17 01:28:10.770223,-47.0,2.0,151.0
2025-02-17 01:28:10.781939,-46.0,2.0,150.0
2025-02-17 01:28:11.788543,-46.0,2.0,151.0
2025-02-17 01:28:11.805198,-46.0,3.0,150.0
2025-02-17 01:28:11.817675,-47.0,6.0,150.0
2025-02-17 01:28:11.831424,-47.0,6.0,150.0
2025-02-17 01:28:11.833426,-47.0,3.0,151.0
2025-02-17 01:28:11.845920,-46.0,3.0,149.0
2025-02-17 01:28:11.847264,-47.0,3.0,151.0
2025-02-17 01:28:12.856036,-46.0,3.0,151.0
2025-02-17 01:28:12.859036,-46.0,2.0,149.0
2025-02-17 01:28:12.879213,-47.0,3.0,150.0
2025-02-17 01:28:12.881212,-46.0,3.0,149.0
2025-02-17 01:28:12.883214,-46.0,3.0,151.0
2025-02-17 01:28:12.894213,-46.0,3.0,150.0
2025-02-17 01:28:13.898515,-46.0,3.0,150.0
2025-02-17 01:28:13.916721,-46.0,3.0,150.0
2025-02-17 01:28:13.928720,-46.0,3.0,150.0
2025-02-17 01:28:13.930725,-46.0,3.0,151.0
2025-02-17 01:28:13.943721,-46.0,3.0,149.0
2025-02-17 01:28:13.946720,-46.0,3.0,149.0
2025-02-17 01:28:14.964451,-46.0,3.0,149.0
2025-02-17 01:28:14.984526,-46.0,3.0,150.0
2025-02-17 01:28:14.997837,-46.0,4.0,150.0
2025-02-17 01:28:15.000343,-47.0,3.0,149.0
2025-02-17 01:28:15.003750,-46.0,3.0,150.0
2025-02-17 01:28:15.016754,-46.0,4.0,149.0
2025-02-17 01:28:16.023548,-46.0,7.0,149.0
2025-02-17 01:28:16.037460,-47.0,3.0,150.0
2025-02-17 01:28:16.049322,-46.0,6.0,152.0
2025-02-17 01:28:16.051332,-46.0,3.0,149.0
2025-02-17 01:28:16.053320,-47.0,4.0,149.0
2025-02-17 01:28:16.064607,-48.0,8.0,148.0
2025-02-17 01:28:17.078085,-47.0,4.0,150.0
2025-02-17 01:28:17.081257,-47.0,3.0,150.0
2025-02-17 01:28:17.091272,-48.0,-1.0,152.0
2025-02-17 01:28:17.102833,-47.0,5.0,150.0
2025-02-17 01:28:17.104837,-47.0,5.0,149.0
2025-02-17 01:28:17.116834,-46.0,5.0,150.0
2025-02-17 01:28:18.122596,-47.0,5.0,149.0
2025-02-17 01:28:18.138633,-47.0,5.0,150.0
2025-02-17 01:28:18.154021,-47.0,4.0,151.0
2025-02-17 01:28:18.155021,-46.0,2.0,150.0
2025-02-17 01:28:18.155021,-46.0,9.0,150.0
2025-02-17 01:28:18.168793,-46.0,7.0,150.0
2025-02-17 01:28:19.182545,-47.0,4.0,151.0
2025-02-17 01:28:19.196328,-47.0,6.0,150.0
2025-02-17 01:28:19.208838,-46.0,5.0,151.0
2025-02-17 01:28:19.210838,-48.0,10.0,150.0
2025-02-17 01:28:19.212838,-47.0,5.0,151.0
2025-02-17 01:28:19.224838,-47.0,5.0,150.0
2025-02-17 01:28:20.227244,-47.0,5.0,150.0
2025-02-17 01:28:20.229271,-50.0,4.0,152.0
2025-02-17 01:28:20.252272,-47.0,5.0,150.0
2025-02-17 01:28:20.254272,-46.0,4.0,150.0
2025-02-17 01:28:20.255271,-47.0,4.0,150.0
2025-02-17 01:28:20.269337,-46.0,5.0,150.0
2025-02-17 01:28:21.274616,-45.0,4.0,151.0
2025-02-17 01:28:21.275617,-45.0,4.0,151.0
2025-02-17 01:28:21.277620,-44.0,4.0,153.0
2025-02-17 01:28:21.297619,-43.0,5.0,153.0
2025-02-17 01:28:21.310124,-47.0,13.0,152.0
2025-02-17 01:28:21.311127,-46.0,5.0,154.0
2025-02-17 01:28:22.325570,-46.0,5.0,153.0
2025-02-17 01:28:22.342616,-45.0,5.0,153.0
2025-02-17 01:28:22.345608,-46.0,4.0,152.0
2025-02-17 01:28:22.357662,-45.0,3.0,152.0
2025-02-17 01:28:22.359663,-46.0,5.0,153.0
2025-02-17 01:28:22.361664,-46.0,5.0,153.0
2025-02-17 01:28:23.370824,-45.0,5.0,153.0
2025-02-17 01:28:23.383324,-45.0,4.0,154.0
2025-02-17 01:28:23.395363,-45.0,5.0,153.0
2025-02-17 01:28:23.397363,-44.0,6.0,153.0
2025-02-17 01:28:23.399365,-44.0,3.0,154.0
2025-02-17 01:28:23.410365,-44.0,6.0,153.0
2025-02-17 01:28:24.415328,-46.0,4.0,153.0
2025-02-17 01:28:24.430263,-45.0,5.0,153.0
2025-02-17 01:28:24.443354,-45.0,3.0,154.0
2025-02-17 01:28:24.444353,-45.0,4.0,154.0
2025-02-17 01:28:24.446354,-44.0,6.0,154.0
2025-02-17 01:28:24.458354,-47.0,3.0,154.0
2025-02-17 01:28:25.470506,-45.0,5.0,153.0
2025-02-17 01:28:25.481497,-45.0,5.0,153.0
2025-02-17 01:28:25.493493,-45.0,5.0,153.0
2025-02-17 01:28:25.495507,-43.0,6.0,153.0
2025-02-17 01:28:25.497494,-45.0,5.0,154.0
2025-02-17 01:28:25.509506,-45.0,6.0,153.0
2025-02-17 01:28:26.516545,-45.0,5.0,152.0
2025-02-17 01:28:26.534598,-45.0,4.0,153.0
2025-02-17 01:28:26.537598,-45.0,5.0,152.0
2025-02-17 01:28:26.552598,-44.0,5.0,153.0
2025-02-17 01:28:26.552598,-45.0,5.0,153.0
2025-02-17 01:28:26.555601,-45.0,5.0,153.0
2025-02-17 01:28:27.561537,-44.0,5.0,153.0
2025-02-17 01:28:27.563065,-44.0,5.0,153.0
2025-02-17 01:28:27.577066,-45.0,5.0,154.0
2025-02-17 01:28:27.579066,-44.0,5.0,153.0
2025-02-17 01:28:27.582066,-44.0,5.0,153.0
2025-02-17 01:28:27.595066,-45.0,5.0,153.0
2025-02-17 01:28:28.596596,-44.0,5.0,154.0
2025-02-17 01:28:28.600596,-44.0,5.0,153.0
2025-02-17 01:28:28.612597,-43.0,5.0,153.0
2025-02-17 01:28:28.614598,-44.0,5.0,153.0
2025-02-17 01:28:28.617105,-44.0,5.0,154.0
2025-02-17 01:28:28.629753,-44.0,6.0,154.0
2025-02-17 01:28:29.631371,-44.0,5.0,154.0
2025-02-17 01:28:29.635791,-44.0,5.0,153.0
2025-02-17 01:28:29.649244,-44.0,4.0,154.0
2025-02-17 01:28:29.651269,-43.0,5.0,154.0
2025-02-17 01:28:29.653804,-44.0,5.0,153.0
2025-02-17 01:28:29.665744,-44.0,5.0,154.0
2025-02-17 01:28:30.668303,-44.0,5.0,155.0
2025-02-17 01:28:30.672304,-44.0,5.0,154.0
2025-02-17 01:28:30.685936,-44.0,5.0,153.0
2025-02-17 01:28:30.687426,-43.0,4.0,153.0
2025-02-17 01:28:30.699433,-42.0,6.0,155.0
2025-02-17 01:28:31.718268,-39.0,5.0,154.0
2025-02-17 01:28:31.726307,-41.0,5.0,154.0
2025-02-17 01:28:31.740306,-41.0,4.0,155.0
2025-02-17 01:28:31.742307,-41.0,5.0,155.0
2025-02-17 01:28:31.754306,-42.0,4.0,154.0
2025-02-17 01:28:31.756306,-41.0,5.0,156.0
2025-02-17 01:28:32.763478,-37.0,16.0,154.0
2025-02-17 01:28:32.772471,-35.0,25.0,149.0
2025-02-17 01:28:32.786381,-32.0,-3.0,157.0
2025-02-17 01:28:32.789729,-34.0,-10.0,162.0
2025-02-17 01:28:32.802011,-30.0,0.0,159.0
2025-02-17 01:28:32.816013,-44.0,24.0,151.0
2025-02-17 01:28:33.828505,-41.0,24.0,148.0
2025-02-17 01:28:33.834504,-34.0,-1.0,164.0
2025-02-17 01:28:33.847504,-31.0,-12.0,165.0
2025-02-17 01:28:33.849505,-47.0,23.0,154.0
2025-02-17 01:28:33.862153,-65.0,27.0,130.0
2025-02-17 01:28:33.864622,-65.0,32.0,125.0
2025-02-17 01:28:34.878072,-37.0,-9.0,164.0
2025-02-17 01:28:34.890536,-37.0,-24.0,171.0
2025-02-17 01:28:34.902661,-44.0,21.0,156.0
2025-02-17 01:28:34.904663,-86.0,34.0,120.0
2025-02-17 01:28:34.916987,-92.0,146.0,57.0
2025-02-17 01:28:34.918979,-103.0,144.0,51.0
2025-02-17 01:28:35.926822,-108.0,145.0,51.0
2025-02-17 01:28:35.934370,-110.0,143.0,50.0
2025-02-17 01:28:35.946370,-108.0,141.0,50.0
2025-02-17 01:28:35.948675,-126.0,137.0,41.0
2025-02-17 01:28:35.960675,-116.0,130.0,48.0
2025-02-17 01:28:35.962675,-125.0,131.0,45.0
2025-02-17 01:28:36.979637,-140.0,136.0,39.0
2025-02-17 01:28:36.988636,-147.0,141.0,38.0
2025-02-17 01:28:37.001117,-148.0,142.0,42.0
2025-02-17 01:28:37.003117,-82.0,63.0,106.0
2025-02-17 01:28:37.016119,6.0,54.0,176.0
2025-02-17 01:28:37.017119,18.0,15.0,187.0
2025-02-17 01:28:38.037025,9.0,-26.0,203.0
2025-02-17 01:28:38.048014,-2.0,-23.0,187.0
2025-02-17 01:28:38.062012,-20.0,-26.0,150.0
2025-02-17 01:28:38.064013,-41.0,-24.0,130.0
2025-02-17 01:28:38.076012,-73.0,157.0,20.0
2025-02-17 01:28:38.079013,-67.0,11.0,123.0
2025-02-17 01:28:39.084223,-52.0,31.0,136.0
2025-02-17 01:28:39.088838,-43.0,16.0,150.0
2025-02-17 01:28:39.102345,-39.0,18.0,151.0
2025-02-17 01:28:39.104345,-39.0,17.0,152.0
2025-02-17 01:28:39.119134,-39.0,20.0,151.0
2025-02-17 01:28:39.121134,-40.0,17.0,151.0
2025-02-17 01:28:40.127402,-40.0,18.0,150.0
2025-02-17 01:28:40.131990,-41.0,17.0,151.0
2025-02-17 01:28:40.145325,-41.0,19.0,149.0
2025-02-17 01:28:40.147325,-43.0,20.0,150.0
2025-02-17 01:28:40.149325,-43.0,21.0,150.0
2025-02-17 01:28:40.152334,-44.0,21.0,150.0
2025-02-17 01:28:41.159714,-45.0,21.0,149.0
2025-02-17 01:28:41.165704,-46.0,21.0,150.0
2025-02-17 01:28:41.168703,-45.0,22.0,149.0
2025-02-17 01:28:41.180785,-46.0,22.0,148.0
2025-02-17 01:28:41.182785,-45.0,22.0,148.0
2025-02-17 01:28:41.195785,-46.0,22.0,149.0
2025-02-17 01:28:42.212257,-46.0,23.0,148.0
2025-02-17 01:28:42.215732,-46.0,21.0,149.0
2025-02-17 01:28:42.228766,-47.0,18.0,150.0
2025-02-17 01:28:42.230789,-45.0,23.0,150.0
2025-02-17 01:28:42.233142,-140.0,-144.0,338.0
2025-02-17 01:28:43.235424,-35.0,17.0,155.0
2025-02-17 01:28:43.239402,-40.0,14.0,153.0
2025-02-17 01:28:43.253403,-51.0,14.0,155.0
2025-02-17 01:28:43.254404,-40.0,18.0,153.0
2025-02-17 01:28:43.256405,-39.0,18.0,154.0
2025-02-17 01:28:43.268944,-38.0,17.0,154.0
2025-02-17 01:28:44.274665,-39.0,19.0,153.0
2025-02-17 01:28:44.278191,-39.0,18.0,153.0
2025-02-17 01:28:44.280237,-39.0,19.0,152.0
2025-02-17 01:28:44.292620,-40.0,19.0,153.0
2025-02-17 01:28:44.293622,-39.0,18.0,154.0
2025-02-17 01:28:44.306766,-39.0,18.0,153.0
2025-02-17 01:28:44.333799,-39.0,19.0,154.0
2025-02-17 01:28:45.349780,-40.0,19.0,153.0
2025-02-17 01:28:45.367922,-40.0,19.0,155.0
2025-02-17 01:28:45.380587,-40.0,19.0,154.0
2025-02-17 01:28:45.382589,-39.0,19.0,153.0
2025-02-17 01:28:45.395589,-40.0,19.0,153.0
2025-02-17 01:28:45.396589,-40.0,19.0,153.0
2025-02-17 01:28:46.402426,-41.0,20.0,153.0
2025-02-17 01:28:46.408374,-41.0,21.0,152.0
2025-02-17 01:28:46.422641,-38.0,22.0,155.0
2025-02-17 01:28:46.424641,-26.0,30.0,159.0
2025-02-17 01:28:46.437644,-16.0,28.0,165.0
2025-02-17 01:28:46.453002,-13.0,26.0,168.0
2025-02-17 01:28:47.457513,-25.0,18.0,158.0
2025-02-17 01:28:47.460951,-14.0,18.0,146.0
2025-02-17 01:28:47.461951,-42.0,8.0,150.0
2025-02-17 01:28:47.466951,-39.0,5.0,155.0
2025-02-17 01:28:47.469951,-38.0,2.0,155.0
2025-02-17 01:28:48.479199,-37.0,6.0,159.0
2025-02-17 01:28:48.482199,-36.0,0.0,157.0
2025-02-17 01:28:48.485200,-37.0,7.0,157.0
2025-02-17 01:28:48.497188,-34.0,0.0,158.0
2025-02-17 01:28:48.498188,-14.0,38.0,166.0
2025-02-17 01:28:48.510190,-14.0,50.0,171.0
2025-02-17 01:28:48.527281,-42.0,71.0,145.0
2025-02-17 01:28:49.539269,-33.0,53.0,151.0
2025-02-17 01:28:49.543783,-23.0,9.0,161.0
2025-02-17 01:28:49.553782,-27.0,-14.0,164.0
2025-02-17 01:28:49.556782,-30.0,15.0,159.0
2025-02-17 01:28:49.569783,-43.0,58.0,141.0
2025-02-17 01:28:49.570782,-123.0,104.0,42.0
2025-02-17 01:28:50.573208,-50.0,64.0,134.0
2025-02-17 01:28:50.576208,-24.0,14.0,160.0
2025-02-17 01:28:50.595208,-26.0,-25.0,166.0
2025-02-17 01:28:50.599864,-33.0,14.0,158.0
2025-02-17 01:28:50.603132,-69.0,69.0,115.0
2025-02-17 01:28:50.614794,-78.0,67.0,108.0
2025-02-17 01:28:51.624625,-43.0,55.0,139.0
2025-02-17 01:28:51.630629,-26.0,0.0,160.0
2025-02-17 01:28:51.652543,-27.0,-20.0,164.0
2025-02-17 01:28:51.654545,-27.0,7.0,158.0
2025-02-17 01:28:51.655545,-128.0,109.0,30.0
2025-02-17 01:28:51.657546,-82.0,67.0,107.0
2025-02-17 01:28:52.664835,-46.0,55.0,140.0
2025-02-17 01:28:52.665835,-25.0,0.0,157.0
2025-02-17 01:28:52.666836,-28.0,-22.0,160.0
2025-02-17 01:28:52.668836,-29.0,34.0,149.0
2025-02-17 01:28:52.688019,-69.0,68.0,115.0
2025-02-17 01:28:52.701794,-68.0,66.0,117.0
2025-02-17 01:28:53.711311,-30.0,27.0,154.0
2025-02-17 01:28:53.723311,-27.0,-6.0,160.0
2025-02-17 01:28:53.737312,-27.0,5.0,156.0
2025-02-17 01:28:53.739323,-34.0,44.0,148.0
2025-02-17 01:28:53.741312,-80.0,74.0,104.0
2025-02-17 01:28:53.754820,-35.0,43.0,150.0
2025-02-17 01:28:54.765229,-28.0,-37.0,162.0
2025-02-17 01:28:54.777229,-37.0,-1.0,161.0
2025-02-17 01:28:54.788229,-26.0,8.0,156.0
2025-02-17 01:28:54.792229,-28.0,14.0,155.0
2025-02-17 01:28:54.793510,92.0,60.0,132.0
2025-02-17 01:28:54.805889,-36.0,53.0,150.0
2025-02-17 01:28:55.822454,-28.0,23.0,157.0
2025-02-17 01:28:55.834482,-30.0,16.0,154.0
2025-02-17 01:28:55.847472,-80.0,7.0,173.0
2025-02-17 01:28:55.849483,-31.0,13.0,153.0
2025-02-17 01:28:55.851014,-31.0,3.0,153.0
2025-02-17 01:28:55.864023,-38.0,10.0,154.0
2025-02-17 01:28:56.865711,-36.0,3.0,154.0
2025-02-17 01:28:56.876719,-38.0,12.0,154.0
2025-02-17 01:28:56.890710,-37.0,5.0,153.0
2025-02-17 01:28:56.892710,-39.0,6.0,152.0
2025-02-17 01:28:56.894710,-38.0,10.0,153.0
2025-02-17 01:28:56.906709,-38.0,7.0,153.0
2025-02-17 01:28:57.908260,-38.0,9.0,153.0
2025-02-17 01:28:57.921260,-39.0,8.0,153.0
2025-02-17 01:28:57.934260,-39.0,8.0,152.0
2025-02-17 01:28:57.936260,-38.0,8.0,153.0
2025-02-17 01:28:57.950262,-39.0,8.0,152.0
2025-02-17 01:28:57.952274,-39.0,7.0,152.0
2025-02-17 01:28:58.954287,-39.0,8.0,152.0
2025-02-17 01:28:58.966286,-39.0,9.0,153.0
2025-02-17 01:28:58.979139,-38.0,8.0,153.0
2025-02-17 01:28:58.981366,-39.0,7.0,153.0
2025-02-17 01:28:58.994353,-39.0,8.0,152.0
2025-02-17 01:28:58.996323,-39.0,7.0,153.0
2025-02-17 01:29:00.000567,-38.0,8.0,153.0
2025-02-17 01:29:00.003567,-39.0,8.0,153.0
2025-02-17 01:29:00.007567,-39.0,9.0,153.0
2025-02-17 01:29:00.021568,-39.0,8.0,154.0
2025-02-17 01:29:00.024568,-39.0,8.0,152.0
2025-02-17 01:29:01.027665,-39.0,8.0,152.0
2025-02-17 01:29:01.030664,-39.0,8.0,154.0
2025-02-17 01:29:01.044005,-39.0,7.0,153.0
2025-02-17 01:29:01.045005,-40.0,7.0,154.0
2025-02-17 01:29:01.058671,-39.0,7.0,153.0
2025-02-17 01:29:01.060672,-39.0,7.0,152.0
2025-02-17 01:29:02.068099,-40.0,5.0,155.0
2025-02-17 01:29:02.070394,-41.0,13.0,152.0
2025-02-17 01:29:02.074863,-41.0,45.0,147.0
2025-02-17 01:29:02.078773,-47.0,55.0,142.0
2025-02-17 01:29:02.091571,-45.0,48.0,145.0
2025-02-17 01:29:02.093908,-40.0,36.0,150.0
2025-02-17 01:29:03.107882,-38.0,27.0,151.0
2025-02-17 01:29:03.111341,-38.0,23.0,152.0
2025-02-17 01:29:03.114342,-38.0,21.0,152.0
2025-02-17 01:29:03.127341,-38.0,19.0,153.0
2025-02-17 01:29:03.129341,-38.0,19.0,153.0
2025-02-17 01:29:03.142475,-38.0,20.0,154.0
2025-02-17 01:29:04.153854,-38.0,22.0,153.0
2025-02-17 01:29:04.155854,-38.0,16.0,153.0
2025-02-17 01:29:04.159854,-39.0,19.0,153.0
2025-02-17 01:29:04.163899,-38.0,18.0,153.0
2025-02-17 01:29:04.176899,-38.0,18.0,153.0
2025-02-17 01:29:04.179900,-39.0,19.0,154.0
2025-02-17 01:29:05.184138,-39.0,18.0,154.0
2025-02-17 01:29:05.190446,-38.0,17.0,154.0
2025-02-17 01:29:05.204489,-39.0,17.0,154.0
2025-02-17 01:29:05.208490,-39.0,16.0,154.0
2025-02-17 01:29:05.220635,-39.0,17.0,153.0
2025-02-17 01:29:06.230011,-38.0,17.0,154.0
2025-02-17 01:29:06.233422,-38.0,17.0,154.0
2025-02-17 01:29:06.247949,-38.0,16.0,155.0
2025-02-17 01:29:06.250951,-39.0,17.0,154.0
2025-02-17 01:29:06.252951,-38.0,17.0,155.0
2025-02-17 01:29:06.265757,-39.0,18.0,154.0
2025-02-17 01:29:07.284101,-39.0,17.0,155.0
2025-02-17 01:29:07.292016,-39.0,17.0,155.0
2025-02-17 01:29:07.304250,-38.0,16.0,154.0
2025-02-17 01:29:07.305251,-38.0,17.0,154.0
2025-02-17 01:29:07.318250,-39.0,18.0,155.0
2025-02-17 01:29:07.319250,-39.0,15.0,154.0
2025-02-17 01:29:08.324857,-38.0,16.0,155.0
2025-02-17 01:29:08.327763,-38.0,16.0,154.0
2025-02-17 01:29:08.341752,-38.0,15.0,155.0
2025-02-17 01:29:08.343753,-38.0,16.0,155.0
2025-02-17 01:29:08.346753,-39.0,17.0,155.0
2025-02-17 01:29:08.359769,-39.0,16.0,154.0
2025-02-17 01:29:09.364628,-39.0,16.0,156.0
2025-02-17 01:29:09.370787,-35.0,22.0,154.0
2025-02-17 01:29:09.384295,-35.0,35.0,151.0
2025-02-17 01:29:09.387295,-41.0,47.0,146.0
2025-02-17 01:29:09.399486,-33.0,19.0,154.0
2025-02-17 01:29:09.400505,-33.0,25.0,151.0
2025-02-17 01:29:10.418286,-35.0,29.0,150.0
2025-02-17 01:29:10.424286,-35.0,28.0,151.0
2025-02-17 01:29:10.437286,-36.0,28.0,150.0
2025-02-17 01:29:10.439286,-37.0,26.0,152.0
2025-02-17 01:29:10.441286,-37.0,26.0,150.0
2025-02-17 01:29:10.453541,-36.0,27.0,151.0
2025-02-17 01:29:11.456874,-38.0,29.0,149.0
2025-02-17 01:29:11.460468,-38.0,27.0,150.0
2025-02-17 01:29:11.471950,-40.0,25.0,149.0
2025-02-17 01:29:11.477438,-38.0,23.0,150.0
2025-02-17 01:29:11.479906,-38.0,24.0,150.0
2025-02-17 01:29:11.492769,-38.0,25.0,149.0
2025-02-17 01:29:12.500264,-38.0,23.0,150.0
2025-02-17 01:29:12.507267,-38.0,25.0,150.0
2025-02-17 01:29:12.525286,-38.0,24.0,151.0
2025-02-17 01:29:12.527263,-39.0,24.0,150.0
2025-02-17 01:29:12.540268,-39.0,24.0,150.0
2025-02-17 01:29:12.542279,-38.0,24.0,151.0
2025-02-17 01:29:13.554906,-39.0,23.0,150.0
2025-02-17 01:29:13.564911,-39.0,24.0,151.0
2025-02-17 01:29:13.577418,-38.0,24.0,151.0
2025-02-17 01:29:13.579418,-38.0,23.0,151.0
2025-02-17 01:29:13.592417,-38.0,24.0,151.0
2025-02-17 01:29:13.608418,-39.0,24.0,151.0
2025-02-17 01:29:14.613871,-38.0,24.0,151.0
2025-02-17 01:29:14.616604,-38.0,24.0,151.0
2025-02-17 01:29:14.620613,-38.0,24.0,151.0
2025-02-17 01:29:14.633156,-39.0,24.0,150.0
2025-02-17 01:29:14.634661,-39.0,24.0,150.0
2025-02-17 01:29:15.641805,-39.0,24.0,151.0
2025-02-17 01:29:15.645307,-38.0,24.0,151.0
2025-02-17 01:29:15.659337,-33.0,26.0,154.0
2025-02-17 01:29:15.661347,-32.0,26.0,156.0
2025-02-17 01:29:15.664337,-30.0,25.0,157.0
2025-02-17 01:29:15.676204,-26.0,30.0,160.0
2025-02-17 01:29:16.694175,-23.0,32.0,161.0
2025-02-17 01:29:16.699097,-23.0,34.0,162.0
2025-02-17 01:29:16.711096,-23.0,37.0,161.0
2025-02-17 01:29:16.713097,-24.0,35.0,162.0
2025-02-17 01:29:16.726096,-27.0,37.0,161.0
2025-02-17 01:29:16.727524,-26.0,35.0,161.0
2025-02-17 01:29:17.741695,-24.0,38.0,161.0
2025-02-17 01:29:17.747697,-25.0,37.0,161.0
2025-02-17 01:29:17.761695,-25.0,37.0,160.0
2025-02-17 01:29:17.763696,-24.0,32.0,161.0
2025-02-17 01:29:17.776702,-24.0,44.0,163.0
2025-02-17 01:29:17.778704,-19.0,40.0,165.0
2025-02-17 01:29:18.796337,-25.0,37.0,166.0
2025-02-17 01:29:18.806669,-16.0,34.0,167.0
2025-02-17 01:29:18.819670,-12.0,31.0,174.0
2025-02-17 01:29:18.821822,-9.0,29.0,177.0
2025-02-17 01:29:18.833825,-6.0,28.0,182.0
2025-02-17 01:29:18.835824,-4.0,26.0,185.0
2025-02-17 01:29:19.851385,-2.0,25.0,186.0
2025-02-17 01:29:19.856383,-3.0,24.0,188.0
2025-02-17 01:29:19.873383,-2.0,24.0,188.0
2025-02-17 01:29:19.875384,-2.0,23.0,189.0
2025-02-17 01:29:19.890386,-2.0,22.0,190.0
2025-02-17 01:29:19.892387,-2.0,22.0,190.0
2025-02-17 01:29:20.897299,-2.0,21.0,190.0
2025-02-17 01:29:20.902595,-2.0,20.0,191.0
2025-02-17 01:29:20.907723,-2.0,21.0,190.0
2025-02-17 01:29:20.927746,-2.0,20.0,191.0
2025-02-17 01:29:20.930199,-2.0,19.0,191.0
2025-02-17 01:29:20.932415,-2.0,20.0,193.0
2025-02-17 01:29:21.949162,-2.0,19.0,192.0
2025-02-17 01:29:21.956161,-2.0,18.0,193.0
2025-02-17 01:29:21.969161,-2.0,18.0,193.0
2025-02-17 01:29:21.972169,-2.0,17.0,194.0
2025-02-17 01:29:21.973160,-2.0,17.0,194.0
2025-02-17 01:29:21.974160,-2.0,17.0,194.0
2025-02-17 01:29:22.979229,-2.0,17.0,194.0
2025-02-17 01:29:22.983767,-2.0,16.0,195.0
2025-02-17 01:29:22.997710,-2.0,16.0,195.0
2025-02-17 01:29:22.999838,-2.0,16.0,195.0
2025-02-17 01:29:23.002888,-2.0,14.0,211.0
2025-02-17 01:29:23.016651,0.0,4.0,187.0
2025-02-17 01:29:24.033810,-2.0,8.0,168.0
2025-02-17 01:29:24.041811,-2.0,8.0,169.0
2025-02-17 01:29:24.055457,-2.0,8.0,166.0
2025-02-17 01:29:24.057457,-2.0,8.0,167.0
2025-02-17 01:29:24.071533,-2.0,8.0,168.0
2025-02-17 01:29:24.072533,-2.0,8.0,169.0
2025-02-17 01:29:25.085710,-2.0,8.0,167.0
2025-02-17 01:29:25.090709,-2.0,8.0,166.0
2025-02-17 01:29:25.104242,-2.0,8.0,166.0
2025-02-17 01:29:25.106242,-2.0,8.0,165.0
2025-02-17 01:29:25.119241,-2.0,8.0,168.0
2025-02-17 01:29:25.134242,-2.0,8.0,168.0
2025-02-17 01:29:26.150840,-1.0,8.0,165.0
2025-02-17 01:29:26.154837,-2.0,7.0,168.0
2025-02-17 01:29:26.168843,-2.0,8.0,167.0
2025-02-17 01:29:26.170840,-2.0,8.0,166.0
2025-02-17 01:29:26.184752,-2.0,7.0,167.0
2025-02-17 01:29:26.201383,-2.0,7.0,166.0
2025-02-17 01:29:27.210938,-2.0,7.0,167.0
2025-02-17 01:29:27.214938,-2.0,8.0,166.0
2025-02-17 01:29:27.225947,-2.0,8.0,168.0
2025-02-17 01:29:27.231938,-2.0,7.0,167.0
2025-02-17 01:29:27.234948,-2.0,8.0,165.0
2025-02-17 01:29:28.250910,-1.0,8.0,165.0
2025-02-17 01:29:28.254910,-2.0,8.0,165.0
2025-02-17 01:29:28.270254,-2.0,8.0,166.0
2025-02-17 01:29:28.272362,-2.0,8.0,167.0
2025-02-17 01:29:28.274495,-2.0,7.0,166.0
2025-02-17 01:29:28.287804,-2.0,8.0,167.0
2025-02-17 01:29:29.295905,-2.0,7.0,167.0
2025-02-17 01:29:29.304306,-2.0,7.0,168.0
2025-02-17 01:29:29.328381,-2.0,8.0,166.0
2025-02-17 01:29:29.331993,-2.0,8.0,166.0
2025-02-17 01:29:29.344841,-2.0,7.0,167.0
2025-02-17 01:29:29.348078,-2.0,7.0,167.0
2025-02-17 01:29:30.353489,-2.0,8.0,165.0
2025-02-17 01:29:30.357491,-2.0,8.0,168.0
2025-02-17 01:29:30.372376,-2.0,8.0,165.0
2025-02-17 01:29:30.374377,-2.0,8.0,165.0
2025-02-17 01:29:30.388492,-2.0,8.0,167.0
2025-02-17 01:29:30.390457,-2.0,8.0,165.0
2025-02-17 01:29:31.397303,-2.0,8.0,165.0
2025-02-17 01:29:31.404303,-2.0,8.0,166.0
2025-02-17 01:29:31.432021,-2.0,8.0,166.0
2025-02-17 01:29:31.436023,-2.0,7.0,165.0
2025-02-17 01:29:31.443209,-2.0,8.0,164.0
2025-02-17 01:29:31.464925,-2.0,8.0,167.0
2025-02-17 01:29:32.466759,-2.0,7.0,166.0
2025-02-17 01:29:32.471029,-2.0,7.0,168.0
2025-02-17 01:29:32.485051,-2.0,7.0,166.0
2025-02-17 01:29:32.486051,-2.0,7.0,166.0
2025-02-17 01:29:32.499052,-2.0,8.0,167.0
2025-02-17 01:29:32.501052,-2.0,8.0,165.0
2025-02-17 01:29:33.508672,-2.0,7.0,165.0
2025-02-17 01:29:33.513211,-2.0,8.0,166.0
2025-02-17 01:29:33.527669,-2.0,8.0,165.0
2025-02-17 01:29:33.530658,-2.0,7.0,168.0
2025-02-17 01:29:33.543658,-2.0,7.0,165.0
2025-02-17 01:29:33.546659,-2.0,8.0,166.0
2025-02-17 01:29:34.555835,-2.0,7.0,168.0
2025-02-17 01:29:34.564834,-2.0,7.0,168.0
2025-02-17 01:29:34.588572,-2.0,8.0,165.0
2025-02-17 01:29:34.610716,-2.0,7.0,164.0
2025-02-17 01:29:34.635716,-2.0,8.0,164.0
2025-02-17 01:29:34.653958,-2.0,8.0,166.0
2025-02-17 01:29:35.663518,-2.0,8.0,166.0
2025-02-17 01:29:35.694736,-2.0,7.0,166.0
2025-02-17 01:29:35.696750,-2.0,7.0,165.0
2025-02-17 01:29:35.699877,-2.0,8.0,168.0
2025-02-17 01:29:35.714340,-2.0,7.0,166.0
2025-02-17 01:29:35.717385,-2.0,7.0,166.0
2025-02-17 01:29:36.732956,-2.0,7.0,166.0
2025-02-17 01:29:36.742879,-2.0,8.0,166.0
2025-02-17 01:29:36.756879,-2.0,8.0,165.0
2025-02-17 01:29:36.758879,-2.0,8.0,165.0
2025-02-17 01:29:36.771878,-2.0,7.0,167.0
2025-02-17 01:29:36.774880,-1.0,8.0,163.0
2025-02-17 01:29:37.789729,-2.0,8.0,167.0
2025-02-17 01:29:37.796730,-2.0,8.0,166.0
2025-02-17 01:29:37.810732,-2.0,7.0,168.0
2025-02-17 01:29:37.813238,-2.0,7.0,165.0
2025-02-17 01:29:37.826240,-2.0,7.0,165.0
2025-02-17 01:29:37.829240,-2.0,7.0,168.0
2025-02-17 01:29:38.831934,-2.0,7.0,168.0
2025-02-17 01:29:38.839315,-2.0,8.0,165.0
2025-02-17 01:29:38.854262,-2.0,7.0,164.0
2025-02-17 01:29:38.856261,-2.0,7.0,165.0
2025-02-17 01:29:38.868284,-2.0,7.0,165.0
2025-02-17 01:29:38.870284,-2.0,8.0,166.0
2025-02-17 01:29:39.872659,-2.0,8.0,168.0
2025-02-17 01:29:39.877958,-2.0,7.0,166.0
2025-02-17 01:29:39.891897,-2.0,8.0,165.0
2025-02-17 01:29:39.895418,-2.0,7.0,167.0
2025-02-17 01:29:39.908351,-1.0,7.0,165.0
2025-02-17 01:29:39.912630,-2.0,7.0,166.0
2025-02-17 01:29:40.930265,-2.0,8.0,167.0
2025-02-17 01:29:40.935348,-2.0,8.0,166.0
2025-02-17 01:29:40.949327,-1.0,8.0,164.0
2025-02-17 01:29:40.951805,-2.0,7.0,165.0
2025-02-17 01:29:40.964624,-2.0,7.0,166.0
2025-02-17 01:29:40.968625,-2.0,7.0,165.0
2025-02-17 01:29:41.971836,-2.0,7.0,166.0
2025-02-17 01:29:41.974838,-2.0,7.0,166.0
2025-02-17 01:29:41.989486,-2.0,8.0,167.0
2025-02-17 01:29:41.992737,-2.0,7.0,165.0
2025-02-17 01:29:42.007336,-2.0,8.0,166.0
2025-02-17 01:29:42.010651,-2.0,7.0,167.0
2025-02-17 01:29:43.013813,-1.0,7.0,164.0
2025-02-17 01:29:43.017814,-2.0,8.0,166.0
2025-02-17 01:29:43.031325,-2.0,8.0,166.0
2025-02-17 01:29:43.033335,-2.0,8.0,166.0
2025-02-17 01:29:43.035325,-2.0,7.0,166.0
2025-02-17 01:29:43.048336,-2.0,8.0,165.0
2025-02-17 01:29:44.059098,-2.0,7.0,167.0
2025-02-17 01:29:44.079588,-2.0,7.0,167.0
2025-02-17 01:29:44.081680,-2.0,8.0,165.0
2025-02-17 01:29:44.094588,-2.0,8.0,165.0
2025-02-17 01:29:44.096692,-2.0,7.0,166.0
2025-02-17 01:29:44.122500,-2.0,7.0,166.0
2025-02-17 01:29:45.143555,-2.0,8.0,165.0
2025-02-17 01:29:45.149875,-2.0,7.0,166.0
2025-02-17 01:29:45.163104,-2.0,7.0,164.0
2025-02-17 01:29:45.165103,-2.0,7.0,165.0
2025-02-17 01:29:45.178546,-2.0,7.0,165.0
2025-02-17 01:29:45.181546,-2.0,8.0,164.0
2025-02-17 01:29:46.197468,-2.0,7.0,165.0
2025-02-17 01:29:46.203469,-2.0,7.0,167.0
2025-02-17 01:29:46.217471,-2.0,7.0,165.0
2025-02-17 01:29:46.219471,-2.0,8.0,167.0
2025-02-17 01:29:46.233186,-2.0,8.0,164.0
2025-02-17 01:29:46.248731,-2.0,7.0,168.0
2025-02-17 01:29:47.263873,-2.0,8.0,166.0
2025-02-17 01:29:47.268603,-2.0,7.0,165.0
2025-02-17 01:29:47.282508,-2.0,7.0,166.0
2025-02-17 01:29:47.283921,-2.0,7.0,165.0
2025-02-17 01:29:47.287222,-2.0,8.0,164.0
2025-02-17 01:29:47.300403,-2.0,8.0,166.0
2025-02-17 01:29:48.309618,-2.0,8.0,165.0
2025-02-17 01:29:48.317574,-2.0,7.0,165.0
2025-02-17 01:29:48.331107,-2.0,7.0,168.0
2025-02-17 01:29:48.334107,-2.0,7.0,166.0
2025-02-17 01:29:48.347107,-2.0,8.0,165.0
2025-02-17 01:29:48.362107,-2.0,7.0,166.0
2025-02-17 01:29:49.368246,-2.0,8.0,165.0
2025-02-17 01:29:49.391318,-2.0,7.0,165.0
2025-02-17 01:29:49.393322,-2.0,7.0,164.0
2025-02-17 01:29:49.396320,-2.0,7.0,166.0
2025-02-17 01:29:49.408468,-2.0,8.0,165.0
2025-02-17 01:29:49.423498,-2.0,7.0,166.0
2025-02-17 01:29:50.434531,-2.0,7.0,166.0
2025-02-17 01:29:50.438643,-2.0,7.0,166.0
2025-02-17 01:29:50.454283,-2.0,7.0,164.0
2025-02-17 01:29:50.455482,-2.0,7.0,166.0
2025-02-17 01:29:50.469897,-2.0,7.0,168.0
2025-02-17 01:29:50.474055,-2.0,8.0,166.0
2025-02-17 01:29:51.481352,-2.0,8.0,165.0
2025-02-17 01:29:51.492344,-2.0,7.0,164.0
2025-02-17 01:29:51.506100,-2.0,7.0,167.0
2025-02-17 01:29:51.509100,-2.0,7.0,166.0
2025-02-17 01:29:51.520618,-2.0,8.0,164.0
2025-02-17 01:29:51.537160,-1.0,7.0,165.0
2025-02-17 01:29:52.546705,-2.0,7.0,167.0
2025-02-17 01:29:52.551705,-2.0,7.0,167.0
2025-02-17 01:29:52.565706,-2.0,7.0,165.0
2025-02-17 01:29:52.567705,-2.0,8.0,166.0
2025-02-17 01:29:52.582001,-2.0,7.0,165.0
2025-02-17 01:29:52.598003,-2.0,7.0,165.0
2025-02-17 01:29:53.604137,-2.0,8.0,164.0
2025-02-17 01:29:53.613137,-2.0,7.0,166.0
2025-02-17 01:29:53.627143,-2.0,7.0,165.0
2025-02-17 01:29:53.628142,-2.0,8.0,165.0
2025-02-17 01:29:53.641002,-2.0,7.0,165.0
2025-02-17 01:29:53.657002,-2.0,7.0,164.0
2025-02-17 01:29:54.661669,-2.0,7.0,165.0
2025-02-17 01:29:54.666669,-2.0,7.0,165.0
2025-02-17 01:29:54.681669,-1.0,7.0,164.0
2025-02-17 01:29:54.683669,-2.0,7.0,166.0
2025-02-17 01:29:54.697668,-2.0,8.0,165.0
2025-02-17 01:29:54.713147,-2.0,7.0,167.0
2025-02-17 01:29:55.721916,-2.0,7.0,166.0
2025-02-17 01:29:55.735584,-2.0,7.0,167.0
2025-02-17 01:29:55.743783,-2.0,7.0,166.0
2025-02-17 01:29:55.759169,-2.0,7.0,167.0
2025-02-17 01:29:55.777056,-2.0,7.0,165.0
2025-02-17 01:29:55.790847,-2.0,7.0,167.0
2025-02-17 01:29:56.800377,-2.0,7.0,164.0
2025-02-17 01:29:56.804368,-1.0,7.0,162.0
2025-02-17 01:29:56.820370,-2.0,7.0,165.0
2025-02-17 01:29:56.822382,-2.0,7.0,166.0
2025-02-17 01:29:56.836879,-2.0,7.0,166.0
2025-02-17 01:29:56.838880,-2.0,7.0,166.0
2025-02-17 01:29:57.845387,-2.0,7.0,166.0
2025-02-17 01:29:57.849398,-2.0,8.0,165.0
2025-02-17 01:29:57.864795,-2.0,7.0,166.0
2025-02-17 01:29:57.868582,-2.0,7.0,165.0
2025-02-17 01:29:57.884694,-2.0,7.0,166.0
2025-02-17 01:29:57.901991,-2.0,7.0,166.0
2025-02-17 01:29:58.913915,-2.0,7.0,166.0
2025-02-17 01:29:58.916915,-2.0,7.0,166.0
2025-02-17 01:29:58.932943,-2.0,7.0,164.0
2025-02-17 01:29:58.934935,-1.0,7.0,164.0
2025-02-17 01:29:58.950131,-2.0,7.0,163.0
2025-02-17 01:29:58.969120,-2.0,8.0,164.0
2025-02-17 01:29:59.977778,-2.0,8.0,165.0
2025-02-17 01:29:59.983778,-2.0,7.0,168.0
2025-02-17 01:29:59.998898,-2.0,8.0,166.0
2025-02-17 01:30:00.001431,-2.0,8.0,163.0
2025-02-17 01:30:00.034693,-2.0,7.0,166.0
2025-02-17 01:30:00.036693,-2.0,7.0,164.0
2025-02-17 01:30:01.047729,-2.0,7.0,166.0
2025-02-17 01:30:01.050816,-2.0,7.0,165.0
2025-02-17 01:30:01.068237,-2.0,8.0,166.0
2025-02-17 01:30:01.070237,-2.0,7.0,166.0
2025-02-17 01:30:01.085237,-2.0,7.0,166.0
2025-02-17 01:30:02.090934,-2.0,7.0,164.0
2025-02-17 01:30:02.095924,-2.0,8.0,164.0
2025-02-17 01:30:02.111648,-2.0,7.0,165.0
2025-02-17 01:30:02.114648,-2.0,7.0,167.0
2025-02-17 01:30:02.130281,-2.0,7.0,165.0
2025-02-17 01:30:02.133282,-2.0,7.0,166.0
2025-02-17 01:30:02.159908,-1.0,7.0,163.0
2025-02-17 01:30:03.178142,-2.0,8.0,165.0
2025-02-17 01:30:03.182152,-2.0,8.0,163.0
2025-02-17 01:30:03.200143,-2.0,7.0,164.0
2025-02-17 01:30:03.203143,-2.0,7.0,166.0
2025-02-17 01:30:03.216142,-2.0,8.0,163.0
2025-02-17 01:30:03.228144,-2.0,7.0,165.0
2025-02-17 01:30:04.230443,-2.0,7.0,165.0
2025-02-17 01:30:04.234448,-2.0,7.0,167.0
2025-02-17 01:30:04.253495,-2.0,7.0,164.0
2025-02-17 01:30:04.257679,-2.0,7.0,164.0
2025-02-17 01:30:04.275135,-2.0,7.0,164.0
2025-02-17 01:30:04.278150,-2.0,7.0,166.0
2025-02-17 01:30:05.287983,-2.0,7.0,165.0
2025-02-17 01:30:05.307983,-2.0,8.0,166.0
2025-02-17 01:30:05.309984,-2.0,7.0,166.0
2025-02-17 01:30:05.312983,-2.0,7.0,165.0
2025-02-17 01:30:05.325983,-2.0,8.0,164.0
2025-02-17 01:30:05.329987,-2.0,8.0,165.0
2025-02-17 01:30:06.339992,-2.0,7.0,165.0
2025-02-17 01:30:06.344501,-2.0,7.0,166.0
2025-02-17 01:30:06.359944,-1.0,7.0,163.0
2025-02-17 01:30:06.361954,-2.0,8.0,164.0
2025-02-17 01:30:06.378515,-2.0,7.0,166.0
2025-02-17 01:30:06.396597,-2.0,7.0,165.0
2025-02-17 01:30:07.401776,-2.0,7.0,165.0
2025-02-17 01:30:07.407133,-1.0,7.0,163.0
2025-02-17 01:30:07.424590,-2.0,7.0,165.0
2025-02-17 01:30:07.427683,-2.0,7.0,165.0
2025-02-17 01:30:07.443755,-1.0,7.0,162.0
2025-02-17 01:30:07.490568,-2.0,7.0,165.0
2025-02-17 01:30:08.500942,-2.0,7.0,166.0
2025-02-17 01:30:08.504884,-2.0,7.0,163.0
2025-02-17 01:30:08.519854,-2.0,7.0,167.0
2025-02-17 01:30:08.521854,-2.0,7.0,166.0
2025-02-17 01:30:08.524863,-2.0,7.0,164.0
2025-02-17 01:30:08.539052,-2.0,7.0,166.0
2025-02-17 01:30:09.552190,-2.0,7.0,165.0
2025-02-17 01:30:09.558189,-2.0,7.0,165.0
2025-02-17 01:30:09.578486,-2.0,7.0,165.0
2025-02-17 01:30:09.580980,-1.0,7.0,162.0
2025-02-17 01:30:09.597145,-2.0,7.0,163.0
2025-02-17 01:30:09.615655,-2.0,7.0,165.0
2025-02-17 01:30:10.619013,-2.0,7.0,166.0
2025-02-17 01:30:10.624374,-2.0,7.0,164.0
2025-02-17 01:30:10.651587,-2.0,7.0,164.0
2025-02-17 01:30:10.654593,-1.0,7.0,163.0
2025-02-17 01:30:10.668592,-2.0,7.0,165.0
2025-02-17 01:30:10.670593,-2.0,7.0,166.0
2025-02-17 01:30:11.685764,-2.0,7.0,165.0
2025-02-17 01:30:11.705728,-2.0,7.0,168.0
2025-02-17 01:30:11.708728,-2.0,8.0,164.0
2025-02-17 01:30:11.710729,-1.0,7.0,166.0
2025-02-17 01:30:11.723144,-2.0,7.0,166.0
2025-02-17 01:30:11.738714,-2.0,7.0,165.0
2025-02-17 01:30:12.754144,-2.0,7.0,166.0
2025-02-17 01:30:12.762248,-2.0,7.0,164.0
2025-02-17 01:30:12.782428,-2.0,7.0,165.0
2025-02-17 01:30:12.802377,-2.0,7.0,165.0
2025-02-17 01:30:12.825022,-2.0,7.0,166.0
2025-02-17 01:30:12.840345,-2.0,7.0,165.0
2025-02-17 01:30:13.852786,-2.0,7.0,165.0
2025-02-17 01:30:13.857774,-2.0,7.0,164.0
2025-02-17 01:30:13.871781,-1.0,7.0,161.0
2025-02-17 01:30:13.874287,-2.0,7.0,163.0
2025-02-17 01:30:13.888483,-2.0,7.0,166.0
2025-02-17 01:30:13.889482,-2.0,7.0,164.0
2025-02-17 01:30:14.895794,-2.0,7.0,164.0
2025-02-17 01:30:14.904431,-2.0,7.0,166.0
2025-02-17 01:30:14.916431,-2.0,7.0,163.0
2025-02-17 01:30:14.919847,-2.0,7.0,164.0
2025-02-17 01:30:14.933031,-2.0,7.0,164.0
2025-02-17 01:30:14.935032,-2.0,7.0,165.0
2025-02-17 01:30:15.949233,-2.0,7.0,165.0
2025-02-17 01:30:15.953301,-2.0,7.0,164.0
2025-02-17 01:30:15.967301,-1.0,7.0,162.0
2025-02-17 01:30:15.970302,-2.0,7.0,164.0
2025-02-17 01:30:15.973481,-2.0,7.0,163.0
2025-02-17 01:30:15.986864,-2.0,7.0,163.0
2025-02-17 01:30:17.000304,-2.0,7.0,164.0
2025-02-17 01:30:17.006304,-1.0,7.0,161.0
2025-02-17 01:30:17.019304,-2.0,7.0,162.0
2025-02-17 01:30:17.022472,-2.0,7.0,164.0
2025-02-17 01:30:17.035473,-2.0,8.0,162.0
2025-02-17 01:30:17.037693,-2.0,7.0,165.0
2025-02-17 01:30:18.044712,-1.0,7.0,163.0
2025-02-17 01:30:18.049720,-2.0,7.0,164.0
2025-02-17 01:30:18.051880,-2.0,7.0,166.0
2025-02-17 01:30:18.065880,-2.0,7.0,164.0
2025-02-17 01:30:18.066880,-2.0,7.0,163.0
2025-02-17 01:30:18.081755,-2.0,7.0,162.0
2025-02-17 01:30:19.091520,-2.0,7.0,163.0
2025-02-17 01:30:19.111519,-2.0,7.0,164.0
2025-02-17 01:30:19.114599,-2.0,7.0,164.0
2025-02-17 01:30:19.128599,-2.0,7.0,162.0
2025-02-17 01:30:19.130599,-2.0,7.0,162.0
2025-02-17 01:30:19.148971,-2.0,7.0,163.0
2025-02-17 01:30:20.158896,-1.0,7.0,163.0
2025-02-17 01:30:20.192219,-2.0,7.0,164.0
2025-02-17 01:30:20.194216,-2.0,7.0,162.0
2025-02-17 01:30:20.197216,-1.0,7.0,161.0
2025-02-17 01:30:20.211320,-2.0,7.0,164.0
2025-02-17 01:30:20.214320,-1.0,7.0,162.0
2025-02-17 01:30:21.218298,-1.0,7.0,161.0
2025-02-17 01:30:21.222299,-2.0,7.0,164.0
2025-02-17 01:30:21.236299,-2.0,6.0,166.0
2025-02-17 01:30:21.238298,-2.0,7.0,162.0
2025-02-17 01:30:21.252325,-1.0,7.0,161.0
2025-02-17 01:30:21.267935,-1.0,7.0,163.0
2025-02-17 01:30:22.280588,-2.0,7.0,163.0
2025-02-17 01:30:22.283588,-1.0,7.0,162.0
2025-02-17 01:30:22.290589,-2.0,7.0,164.0
2025-02-17 01:30:22.309589,-1.0,7.0,162.0
2025-02-17 01:30:22.315589,-1.0,7.0,162.0
2025-02-17 01:30:22.337027,-2.0,7.0,163.0
2025-02-17 01:30:23.346694,-2.0,7.0,164.0
2025-02-17 01:30:23.352694,-2.0,7.0,164.0
2025-02-17 01:30:23.365716,-2.0,7.0,163.0
2025-02-17 01:30:23.369083,-1.0,7.0,162.0
2025-02-17 01:30:23.381582,-2.0,7.0,164.0
2025-02-17 01:30:23.396940,-2.0,7.0,164.0
2025-02-17 01:30:24.401144,-2.0,7.0,162.0
2025-02-17 01:30:24.419689,-2.0,7.0,164.0
2025-02-17 01:30:24.423689,-2.0,7.0,164.0
2025-02-17 01:30:24.424689,-2.0,7.0,165.0
2025-02-17 01:30:24.439048,-1.0,7.0,164.0
2025-02-17 01:30:24.453067,-2.0,7.0,163.0
2025-02-17 01:30:25.473393,-2.0,7.0,162.0
2025-02-17 01:30:25.482313,-1.0,7.0,162.0
2025-02-17 01:30:25.495571,-2.0,7.0,164.0
2025-02-17 01:30:25.497573,-2.0,7.0,164.0
2025-02-17 01:30:25.510573,-2.0,7.0,164.0
2025-02-17 01:30:25.512573,-2.0,7.0,163.0
2025-02-17 01:30:26.523826,-2.0,7.0,165.0
2025-02-17 01:30:26.533871,-2.0,7.0,164.0
2025-02-17 01:30:26.546873,-1.0,7.0,164.0
2025-02-17 01:30:26.549873,-2.0,7.0,166.0
2025-02-17 01:30:26.561891,-2.0,7.0,164.0
2025-02-17 01:30:26.576343,-2.0,7.0,162.0
2025-02-17 01:30:27.586609,-2.0,7.0,164.0
2025-02-17 01:30:27.595617,-2.0,7.0,163.0
2025-02-17 01:30:27.608722,-2.0,7.0,163.0
2025-02-17 01:30:27.611722,-2.0,7.0,163.0
2025-02-17 01:30:27.623722,-2.0,7.0,163.0
2025-02-17 01:30:27.626726,-2.0,7.0,164.0
2025-02-17 01:30:28.638669,-2.0,7.0,166.0
2025-02-17 01:30:28.646078,-1.0,7.0,161.0
2025-02-17 01:30:28.660079,-2.0,7.0,162.0
2025-02-17 01:30:28.662095,-2.0,7.0,163.0
2025-02-17 01:30:28.675608,-2.0,7.0,164.0
2025-02-17 01:30:29.680935,-2.0,7.0,165.0
2025-02-17 01:30:29.686935,-2.0,7.0,162.0
2025-02-17 01:30:29.700934,-2.0,7.0,164.0
2025-02-17 01:30:29.701934,-2.0,7.0,162.0
2025-02-17 01:30:29.715934,-2.0,7.0,163.0
2025-02-17 01:30:29.716934,-2.0,7.0,163.0
2025-02-17 01:30:30.728598,-2.0,7.0,162.0
2025-02-17 01:30:30.746518,-2.0,7.0,162.0
2025-02-17 01:30:30.748518,-2.0,7.0,162.0
2025-02-17 01:30:30.750520,-2.0,7.0,163.0
2025-02-17 01:30:30.752521,-2.0,7.0,163.0
2025-02-17 01:30:30.765600,-2.0,7.0,163.0
2025-02-17 01:30:31.783896,-2.0,7.0,163.0
2025-02-17 01:30:31.792349,-2.0,7.0,164.0
2025-02-17 01:30:31.806362,-2.0,7.0,163.0
2025-02-17 01:30:31.808853,-2.0,7.0,168.0
2025-02-17 01:30:31.821853,-2.0,7.0,163.0
2025-02-17 01:30:31.823981,-2.0,7.0,163.0
2025-02-17 01:30:32.833963,-2.0,7.0,164.0
2025-02-17 01:30:32.838952,-2.0,8.0,163.0
2025-02-17 01:30:32.854953,-2.0,7.0,164.0
2025-02-17 01:30:32.856955,-2.0,7.0,163.0
2025-02-17 01:30:32.871353,-1.0,7.0,162.0
2025-02-17 01:30:32.873354,-2.0,7.0,163.0
2025-02-17 01:30:33.883888,-2.0,7.0,163.0
2025-02-17 01:30:33.889887,-2.0,7.0,163.0
2025-02-17 01:30:33.903956,-2.0,7.0,163.0
2025-02-17 01:30:33.904956,-2.0,7.0,163.0
2025-02-17 01:30:33.918956,-2.0,7.0,164.0
2025-02-17 01:30:33.922091,-1.0,7.0,163.0
2025-02-17 01:30:34.927772,-2.0,7.0,163.0
2025-02-17 01:30:34.949657,-2.0,7.0,164.0
2025-02-17 01:30:34.952935,-2.0,7.0,163.0
2025-02-17 01:30:34.967545,-2.0,7.0,163.0
2025-02-17 01:30:34.970574,-2.0,7.0,165.0
2025-02-17 01:30:34.985330,-2.0,7.0,164.0
2025-02-17 01:30:36.003756,-2.0,7.0,165.0
2025-02-17 01:30:36.014702,-2.0,7.0,162.0
2025-02-17 01:30:36.027723,-2.0,7.0,166.0
2025-02-17 01:30:36.029679,-2.0,7.0,164.0
2025-02-17 01:30:36.042103,-2.0,7.0,162.0
2025-02-17 01:30:36.045102,-2.0,7.0,163.0
2025-02-17 01:30:37.059005,-2.0,7.0,163.0
2025-02-17 01:30:37.066996,-2.0,7.0,164.0
2025-02-17 01:30:37.079536,-2.0,7.0,164.0
2025-02-17 01:30:37.081544,-2.0,7.0,163.0
2025-02-17 01:30:37.094534,-2.0,7.0,165.0
2025-02-17 01:30:37.097543,-1.0,7.0,162.0
2025-02-17 01:30:38.110936,-2.0,7.0,164.0
2025-02-17 01:30:38.113944,-2.0,7.0,162.0
2025-02-17 01:30:38.127935,-2.0,7.0,164.0
2025-02-17 01:30:38.129939,-2.0,7.0,164.0
2025-02-17 01:30:38.133936,-2.0,7.0,165.0
2025-02-17 01:30:38.147946,-2.0,7.0,164.0
2025-02-17 01:30:39.169331,-2.0,7.0,165.0
2025-02-17 01:30:39.190938,-2.0,7.0,163.0
2025-02-17 01:30:39.192938,-2.0,7.0,162.0
2025-02-17 01:30:39.210938,-2.0,7.0,164.0
2025-02-17 01:30:39.230821,-2.0,7.0,163.0
2025-02-17 01:30:39.242821,-2.0,7.0,163.0
2025-02-17 01:30:40.256588,-2.0,7.0,163.0
2025-02-17 01:30:40.260588,-2.0,7.0,163.0
2025-02-17 01:30:40.264589,-2.0,7.0,164.0
2025-02-17 01:30:40.279100,-2.0,7.0,163.0
2025-02-17 01:30:40.282100,-2.0,7.0,164.0
2025-02-17 01:30:40.298110,-2.0,7.0,164.0
2025-02-17 01:30:41.311915,-2.0,7.0,163.0
2025-02-17 01:30:41.318914,-2.0,7.0,164.0
2025-02-17 01:30:41.332985,-2.0,7.0,163.0
2025-02-17 01:30:41.334920,-2.0,7.0,164.0
2025-02-17 01:30:41.347832,-2.0,7.0,163.0
2025-02-17 01:30:41.349880,-2.0,7.0,163.0
2025-02-17 01:30:42.366322,-2.0,7.0,163.0
2025-02-17 01:30:42.370714,-2.0,7.0,165.0
2025-02-17 01:30:42.385929,-2.0,7.0,164.0
2025-02-17 01:30:42.388930,-2.0,7.0,162.0
2025-02-17 01:30:42.402929,-2.0,7.0,163.0
2025-02-17 01:30:42.405939,-2.0,7.0,162.0
2025-02-17 01:30:43.424945,-2.0,7.0,162.0
2025-02-17 01:30:43.431858,-2.0,7.0,164.0
2025-02-17 01:30:43.444858,-2.0,8.0,164.0
2025-02-17 01:30:43.446859,-2.0,7.0,164.0
2025-02-17 01:30:43.459858,-2.0,7.0,163.0
2025-02-17 01:30:43.461858,-2.0,7.0,164.0
2025-02-17 01:30:44.480745,-2.0,7.0,163.0
2025-02-17 01:30:44.500676,-1.0,7.0,164.0
2025-02-17 01:30:44.503860,-2.0,7.0,164.0
2025-02-17 01:30:44.506859,-2.0,7.0,163.0
2025-02-17 01:30:44.519859,-2.0,7.0,166.0
2025-02-17 01:30:44.530494,-1.0,7.0,162.0
2025-02-17 01:30:45.541786,-2.0,7.0,163.0
2025-02-17 01:30:45.549784,-2.0,7.0,164.0
2025-02-17 01:30:45.562785,-2.0,7.0,164.0
2025-02-17 01:30:45.565785,-2.0,7.0,163.0
2025-02-17 01:30:45.579787,-2.0,8.0,163.0
2025-02-17 01:30:45.594324,-2.0,7.0,166.0
2025-02-17 01:30:46.613890,-2.0,7.0,163.0
2025-02-17 01:30:46.619890,-2.0,7.0,162.0
2025-02-17 01:30:46.633385,-2.0,7.0,163.0
2025-02-17 01:30:46.635386,-2.0,7.0,162.0
2025-02-17 01:30:46.645385,-2.0,7.0,162.0
2025-02-17 01:30:46.649386,-2.0,7.0,161.0
2025-02-17 01:30:47.664678,-2.0,7.0,165.0
2025-02-17 01:30:47.672684,-2.0,7.0,164.0
2025-02-17 01:30:47.685692,-2.0,7.0,162.0
2025-02-17 01:30:47.689216,-2.0,7.0,164.0
2025-02-17 01:30:47.703215,-2.0,7.0,161.0
2025-02-17 01:30:47.718215,-2.0,7.0,164.0
2025-02-17 01:30:48.731603,-2.0,7.0,165.0
2025-02-17 01:30:48.735603,-2.0,7.0,165.0
2025-02-17 01:30:48.751603,-2.0,7.0,164.0
2025-02-17 01:30:48.753604,-2.0,7.0,164.0
2025-02-17 01:30:48.767603,-2.0,7.0,164.0
2025-02-17 01:30:48.770611,-2.0,7.0,162.0
2025-02-17 01:30:49.781916,-2.0,7.0,163.0
2025-02-17 01:30:49.790421,-2.0,7.0,164.0
2025-02-17 01:30:49.803851,-2.0,7.0,163.0
2025-02-17 01:30:49.805848,-2.0,7.0,164.0
2025-02-17 01:30:49.817858,-3.0,7.0,167.0
2025-02-17 01:30:49.820849,-2.0,6.0,165.0
2025-02-17 01:30:50.838053,-2.0,7.0,165.0
2025-02-17 01:30:50.848968,-2.0,7.0,163.0
2025-02-17 01:30:50.863477,-2.0,7.0,162.0
2025-02-17 01:30:50.866448,-2.0,7.0,162.0
2025-02-17 01:30:50.879464,-1.0,7.0,161.0
2025-02-17 01:30:50.892835,-2.0,7.0,163.0
2025-02-17 01:30:51.909591,-2.0,7.0,164.0
2025-02-17 01:30:51.917592,-2.0,7.0,164.0
2025-02-17 01:30:51.929953,-2.0,8.0,162.0
2025-02-17 01:30:51.931960,-2.0,7.0,164.0
2025-02-17 01:30:51.944954,-2.0,7.0,165.0
2025-02-17 01:30:51.947952,-2.0,7.0,164.0
2025-02-17 01:30:52.963258,-2.0,7.0,161.0
2025-02-17 01:30:52.973250,-1.0,7.0,161.0
2025-02-17 01:30:52.987252,-2.0,7.0,164.0
2025-02-17 01:30:52.991500,-2.0,7.0,163.0
2025-02-17 01:30:53.005019,-1.0,7.0,163.0
2025-02-17 01:30:53.020019,-2.0,7.0,166.0
2025-02-17 01:30:54.023289,-2.0,7.0,163.0
2025-02-17 01:30:54.062142,-2.0,7.0,163.0
2025-02-17 01:30:54.066133,-2.0,7.0,163.0
2025-02-17 01:30:54.071142,-2.0,7.0,165.0
2025-02-17 01:30:54.085392,-2.0,7.0,164.0
2025-02-17 01:30:54.101098,-2.0,7.0,165.0
2025-02-17 01:30:55.107170,-2.0,7.0,162.0
2025-02-17 01:30:55.112171,-2.0,7.0,162.0
2025-02-17 01:30:55.127160,-2.0,7.0,164.0
2025-02-17 01:30:55.130160,-2.0,7.0,163.0
2025-02-17 01:30:55.144309,-2.0,7.0,164.0
2025-02-17 01:30:55.147309,-2.0,7.0,162.0
2025-02-17 01:30:56.153258,-2.0,7.0,163.0
2025-02-17 01:30:56.158257,-2.0,7.0,165.0
2025-02-17 01:30:56.173256,-2.0,7.0,164.0
2025-02-17 01:30:56.176256,-1.0,7.0,161.0
2025-02-17 01:30:56.191418,-2.0,7.0,165.0
2025-02-17 01:30:56.193420,-2.0,7.0,165.0
2025-02-17 01:30:57.197435,-2.0,7.0,164.0
2025-02-17 01:30:57.200968,-2.0,7.0,163.0
2025-02-17 01:30:57.206960,-2.0,7.0,166.0
2025-02-17 01:30:57.225960,-2.0,7.0,164.0
2025-02-17 01:30:57.230960,-2.0,7.0,163.0
2025-02-17 01:30:57.244959,-2.0,7.0,162.0
2025-02-17 01:30:58.247507,-1.0,7.0,161.0
2025-02-17 01:30:58.252529,-2.0,7.0,162.0
2025-02-17 01:30:58.268527,-2.0,7.0,163.0
2025-02-17 01:30:58.270538,-2.0,6.0,164.0
2025-02-17 01:30:58.272528,-2.0,7.0,162.0
2025-02-17 01:30:58.285098,-1.0,7.0,161.0
2025-02-17 01:30:59.303597,-2.0,7.0,164.0
2025-02-17 01:30:59.310599,-2.0,7.0,165.0
2025-02-17 01:30:59.325589,-1.0,7.0,161.0
2025-02-17 01:30:59.327589,-2.0,7.0,163.0
2025-02-17 01:30:59.330595,-2.0,7.0,165.0
2025-02-17 01:30:59.343589,-2.0,7.0,162.0
2025-02-17 01:31:00.346472,-2.0,7.0,164.0
2025-02-17 01:31:00.353462,-2.0,7.0,164.0
2025-02-17 01:31:00.369462,-2.0,7.0,164.0
2025-02-17 01:31:00.371472,-2.0,7.0,164.0
2025-02-17 01:31:00.385462,-2.0,7.0,162.0
2025-02-17 01:31:00.387462,-2.0,7.0,165.0
2025-02-17 01:31:01.393559,-2.0,7.0,163.0
2025-02-17 01:31:01.397822,-2.0,7.0,162.0
2025-02-17 01:31:01.414124,-2.0,7.0,162.0
2025-02-17 01:31:01.415132,-2.0,6.0,162.0
2025-02-17 01:31:01.430125,-2.0,6.0,164.0
2025-02-17 01:31:01.432238,-2.0,7.0,163.0
2025-02-17 01:31:02.440711,-2.0,7.0,163.0
2025-02-17 01:31:02.446880,-2.0,7.0,165.0
2025-02-17 01:31:02.461079,-2.0,7.0,165.0
2025-02-17 01:31:02.476080,-2.0,7.0,162.0
2025-02-17 01:31:02.477079,-2.0,7.0,163.0
2025-02-17 01:31:03.481611,-2.0,7.0,164.0
2025-02-17 01:31:03.499591,-2.0,7.0,162.0
2025-02-17 01:31:03.501718,-1.0,7.0,162.0
2025-02-17 01:31:03.505195,-2.0,7.0,163.0
2025-02-17 01:31:03.519502,-2.0,7.0,164.0
2025-02-17 01:31:03.522868,-2.0,7.0,161.0
2025-02-17 01:31:04.536612,-2.0,7.0,163.0
2025-02-17 01:31:04.539608,-1.0,7.0,160.0
2025-02-17 01:31:04.553860,-2.0,7.0,163.0
2025-02-17 01:31:04.556860,-2.0,7.0,163.0
2025-02-17 01:31:04.570860,-2.0,7.0,163.0
2025-02-17 01:31:04.572860,-2.0,7.0,163.0
2025-02-17 01:31:05.575258,-2.0,7.0,164.0
2025-02-17 01:31:05.580259,-2.0,7.0,162.0
2025-02-17 01:31:05.596282,-2.0,7.0,162.0
2025-02-17 01:31:05.599284,-2.0,7.0,162.0
2025-02-17 01:31:05.613788,-2.0,7.0,163.0
2025-02-17 01:31:05.615799,-2.0,7.0,165.0
2025-02-17 01:31:06.629797,-2.0,7.0,166.0
2025-02-17 01:31:06.633799,-2.0,7.0,162.0
2025-02-17 01:31:06.648802,-2.0,7.0,164.0
2025-02-17 01:31:06.650801,-2.0,7.0,163.0
2025-02-17 01:31:06.664798,-2.0,7.0,164.0
2025-02-17 01:31:06.669799,-2.0,7.0,162.0
2025-02-17 01:31:07.690224,-1.0,7.0,159.0
2025-02-17 01:31:07.698227,-1.0,7.0,162.0
2025-02-17 01:31:07.710740,-1.0,7.0,161.0
2025-02-17 01:31:07.712733,-2.0,7.0,164.0
2025-02-17 01:31:07.726733,-2.0,7.0,162.0
2025-02-17 01:31:07.728733,-2.0,7.0,163.0
2025-02-17 01:31:08.742695,-2.0,7.0,164.0
2025-02-17 01:31:08.750603,-1.0,7.0,161.0
2025-02-17 01:31:08.763592,-1.0,7.0,160.0
2025-02-17 01:31:08.765592,-2.0,7.0,162.0
2025-02-17 01:31:08.777591,-2.0,7.0,164.0
2025-02-17 01:31:08.779654,-2.0,7.0,162.0
2025-02-17 01:31:09.790882,-2.0,7.0,161.0
2025-02-17 01:31:09.807883,-1.0,7.0,164.0
2025-02-17 01:31:09.809886,-2.0,8.0,160.0
2025-02-17 01:31:09.825930,-2.0,7.0,162.0
2025-02-17 01:31:09.827930,-2.0,7.0,164.0
2025-02-17 01:31:09.843370,-2.0,7.0,162.0
2025-02-17 01:31:10.852774,-2.0,7.0,163.0
2025-02-17 01:31:10.861689,-2.0,7.0,163.0
2025-02-17 01:31:10.874139,-2.0,7.0,161.0
2025-02-17 01:31:10.876224,-2.0,7.0,162.0
2025-02-17 01:31:10.889198,-1.0,7.0,160.0
2025-02-17 01:31:10.891575,-1.0,7.0,160.0
